song_id,album,title,artist,audio_file_path,html_filename,is_external
4cade656,Karnlada Music,กระซิบสวาท,กาญจน์ลดา มฤคพิทักษ์,audio/Karnlada Music/กระซิบสวาท - กาญจน์ลดา มฤคพิทักษ์.mp3,4cade656.html,false
7faaf8a2,Karnlada Music,กล้วยไม้,กาญจน์ลดา มฤคพิทักษ์,audio/Karnlada Music/กล้วยไม้ - กาญจน์ลดา มฤคพิทักษ์.mp3,7faaf8a2.html,false
1bc4e7c7,Karnlada Music,กว่าเราจะรักกันได้,กาญจน์ลดา มฤคพิทักษ์,audio/Karnlada Music/กว่าเราจะรักกันได้ - กาญจน์ลดา มฤคพิทักษ์.mp3,1bc4e7c7.html,false
ca4f8c03,Karnlada Music,ขวัญเรียม,กาญจน์ลดา มฤคพิทักษ์,audio/Karnlada Music/ขวัญเรียม - กาญจน์ลดา มฤคพิทักษ์.mp3,ca4f8c03.html,false
4aaa3d23,Karnlada Music,ขอรักคืน,กาญจน์ลดา มฤคพิทักษ์,audio/Karnlada Music/ขอรักคืน - กาญจน์ลดา มฤคพิทักษ์.mp3,4aaa3d23.html,false
ef62d5f6,Karnlada Music,คนึงครวญ,กาญจน์ลดา มฤคพิทักษ์,audio/Karnlada Music/คนึงครวญ - กาญจน์ลดา มฤคพิทักษ์.mp3,ef62d5f6.html,false
50f033be,Karnlada Music,ดอกไม้กับเพลง,กาญจน์ลดา มฤคพิทักษ์,audio/Karnlada Music/ดอกไม้กับเพลง - กาญจน์ลดา มฤคพิทักษ์.mp3,50f033be.html,false
9510ca8a,Karnlada Music,ดอกไม้ใกล้มือ,กาญจน์ลดา มฤคพิทักษ์,audio/Karnlada Music/ดอกไม้ใกล้มือ - กาญจน์ลดา มฤคพิทักษ์.mp3,9510ca8a.html,false
ea300704,Karnlada Music,ถึงเธอ,กาญจน์ลดา มฤคพิทักษ์,audio/Karnlada Music/ถึงเธอ - กาญจน์ลดา มฤคพิทักษ์.mp3,ea300704.html,false
89e4c78a,Karnlada Music,บัวกลางบึง,กาญจน์ลดา มฤคพิทักษ์,audio/Karnlada Music/บัวกลางบึง - กาญจน์ลดา มฤคพิทักษ์.mp3,89e4c78a.html,false
495d5e3e,Karnlada Music,ปาหนัน,กาญจน์ลดา มฤคพิทักษ์,audio/Karnlada Music/ปาหนัน - กาญจน์ลดา มฤคพิทักษ์.mp3,495d5e3e.html,false
d047dade,Karnlada Music,ผู้ครองรัก,กาญจน์ลดา มฤคพิทักษ์,audio/Karnlada Music/ผู้ครองรัก - กาญจน์ลดา มฤคพิทักษ์.mp3,d047dade.html,false
4e2e2bf1,Karnlada Music,ฝากดิน,กาญจน์ลดา มฤคพิทักษ์,audio/Karnlada Music/ฝากดิน - กาญจน์ลดา มฤคพิทักษ์.mp3,4e2e2bf1.html,false
d7b3213b,Karnlada Music,ฝากหมอน,กาญจน์ลดา มฤคพิทักษ์,audio/Karnlada Music/ฝากหมอน - กาญจน์ลดา มฤคพิทักษ์.mp3,d7b3213b.html,false
13a0d954,Karnlada Music,มนต์ดลใจ,กาญจน์ลดา มฤคพิทักษ์,audio/Karnlada Music/มนต์ดลใจ - กาญจน์ลดา มฤคพิทักษ์.mp3,13a0d954.html,false
7a6e113d,Karnlada Music,มนต์รักลูกทุ่ง,กาญจน์ลดา มฤคพิทักษ์,audio/Karnlada Music/มนต์รักลูกทุ่ง - กาญจน์ลดา มฤคพิทักษ์.mp3,7a6e113d.html,false
868e14b0,Karnlada Music,มั่นใจไม่รัก,กาญจน์ลดา มฤคพิทักษ์,audio/Karnlada Music/มั่นใจไม่รัก - กาญจน์ลดา มฤคพิทักษ์.mp3,868e14b0.html,false
caef0d4a,Karnlada Music,รอคำรัก,กาญจน์ลดา มฤคพิทักษ์,audio/Karnlada Music/รอคำรัก - กาญจน์ลดา มฤคพิทักษ์.mp3,caef0d4a.html,false
84837a50,Karnlada Music,รอพี่,กาญจน์ลดา มฤคพิทักษ์,audio/Karnlada Music/รอพี่ - กาญจน์ลดา มฤคพิทักษ์.mp3,84837a50.html,false
d5421ad1,Karnlada Music,รักบังใบ,กาญจน์ลดา มฤคพิทักษ์,audio/Karnlada Music/รักบังใบ - กาญจน์ลดา มฤคพิทักษ์.mp3,d5421ad1.html,false
6e30039a,Karnlada Music,รักปักใจ,กาญจน์ลดา มฤคพิทักษ์,audio/Karnlada Music/รักปักใจ - กาญจน์ลดา มฤคพิทักษ์.mp3,6e30039a.html,false
0a9a578b,Karnlada Music,รักลาฟ้าเศร้า,กาญจน์ลดา มฤคพิทักษ์,audio/Karnlada Music/รักลาฟ้าเศร้า - กาญจน์ลดา มฤคพิทักษ์.mp3,0a9a578b.html,false
9a49014a,Karnlada Music,รักเธอคนเดียว,กาญจน์ลดา มฤคพิทักษ์,audio/Karnlada Music/รักเธอคนเดียว - กาญจน์ลดา มฤคพิทักษ์.mp3,9a49014a.html,false
13fb317a,Karnlada Music,รักเอ๋ยรักข้า,กาญจน์ลดา มฤคพิทักษ์,audio/Karnlada Music/รักเอ๋ยรักข้า - กาญจน์ลดา มฤคพิทักษ์.mp3,13fb317a.html,false
722ca396,Karnlada Music,ลุ่มเจ้าพระยา,กาญจน์ลดา มฤคพิทักษ์,audio/Karnlada Music/ลุ่มเจ้าพระยา - กาญจน์ลดา มฤคพิทักษ์.mp3,722ca396.html,false
a7e7539b,Karnlada Music,วัยระวี,กาญจน์ลดา มฤคพิทักษ์,audio/Karnlada Music/วัยระวี - กาญจน์ลดา มฤคพิทักษ์.mp3,a7e7539b.html,false
1813b6a3,Karnlada Music,วิมานสีชมพู,กาญจน์ลดา มฤคพิทักษ์,audio/Karnlada Music/วิมานสีชมพู - กาญจน์ลดา มฤคพิทักษ์.mp3,1813b6a3.html,false
7920f226,Karnlada Music,สมมุติว่าเขารัก,กาญจน์ลดา มฤคพิทักษ์,audio/Karnlada Music/สมมุติว่าเขารัก - กาญจน์ลดา มฤคพิทักษ์.mp3,7920f226.html,false
b07b705a,Karnlada Music,สายทิพย์,กาญจน์ลดา มฤคพิทักษ์,audio/Karnlada Music/สายทิพย์ - กาญจน์ลดา มฤคพิทักษ์.mp3,b07b705a.html,false
7204a4d5,Karnlada Music,สาวสะอื้น,กาญจน์ลดา มฤคพิทักษ์,audio/Karnlada Music/สาวสะอื้น - กาญจน์ลดา มฤคพิทักษ์.mp3,7204a4d5.html,false
60ba0136,Karnlada Music,สาส์นรัก,กาญจน์ลดา มฤคพิทักษ์,audio/Karnlada Music/สาส์นรัก - กาญจน์ลดา มฤคพิทักษ์.mp3,60ba0136.html,false
f191b8f9,Karnlada Music,หวานรัก,กาญจน์ลดา มฤคพิทักษ์,audio/Karnlada Music/หวานรัก - กาญจน์ลดา มฤคพิทักษ์.mp3,f191b8f9.html,false
4a89b724,Karnlada Music,ห่วงอาลัย,กาญจน์ลดา มฤคพิทักษ์,audio/Karnlada Music/ห่วงอาลัย - กาญจน์ลดา มฤคพิทักษ์.mp3,4a89b724.html,false
baec4356,Karnlada Music,อีสา,กาญจน์ลดา มฤคพิทักษ์,audio/Karnlada Music/อีสา - กาญจน์ลดา มฤคพิทักษ์.mp3,baec4356.html,false
657fa6ba,Karnlada Music,อุทยานดอกไม้,กาญจน์ลดา มฤคพิทักษ์,audio/Karnlada Music/อุทยานดอกไม้ - กาญจน์ลดา มฤคพิทักษ์.mp3,657fa6ba.html,false
dc459823,Karnlada Music,เพื่อคุณ,กาญจน์ลดา มฤคพิทักษ์,audio/Karnlada Music/เพื่อคุณ - กาญจน์ลดา มฤคพิทักษ์.mp3,dc459823.html,false
664e11d9,Karnlada Music,เสียงกระซิบจากเกลียงคลื่น,กาญจน์ลดา มฤคพิทักษ์,audio/Karnlada Music/เสียงกระซิบจากเกลียงคลื่น - กาญจน์ลดา มฤคพิทักษ์.mp3,664e11d9.html,false
8bcb096a,Karnlada Music,แรมพิศวาส,กาญจน์ลดา มฤคพิทักษ์,audio/Karnlada Music/แรมพิศวาส - กาญจน์ลดา มฤคพิทักษ์.mp3,8bcb096a.html,false
31dff890,Karnlada Music,แว่วเสียงซึง,กาญจน์ลดา มฤคพิทักษ์,audio/Karnlada Music/แว่วเสียงซึง - กาญจน์ลดา มฤคพิทักษ์.mp3,31dff890.html,false
0bb915c1,Karnlada Music,โอ้ทูลกระหม่อม,กาญจน์ลดา มฤคพิทักษ์,audio/Karnlada Music/โอ้ทูลกระหม่อม - กาญจน์ลดา มฤคพิทักษ์.mp3,0bb915c1.html,false
b5cdcb3b,Karnlada Music,ใจรัก,กาญจน์ลดา มฤคพิทักษ์,audio/Karnlada Music/ใจรัก - กาญจน์ลดา มฤคพิทักษ์.mp3,b5cdcb3b.html,false
d6ea12e3,Karnlada Music,ใจหวลครวญรำพัน,กาญจน์ลดา มฤคพิทักษ์,audio/Karnlada Music/ใจหวลครวญรำพัน - กาญจน์ลดา มฤคพิทักษ์.mp3,d6ea12e3.html,false
8e370a89,Karnlada Music,ไม่ใกล้ไม่ไกล,กาญจน์ลดา มฤคพิทักษ์,audio/Karnlada Music/ไม่ใกล้ไม่ไกล - กาญจน์ลดา มฤคพิทักษ์.mp3,8e370a89.html,false
e9d1d505,เพลงประกอบงานเขียน 19 ชิ้น,ขอโทษ,กาญจน์ลดา มฤคพิทักษ์,audio/เพลงประกอบงานเขียน 19 ชิ้น/ขอโทษ.m4a,e9d1d505.html,false
88a19a05,เพลงประกอบงานเขียน 19 ชิ้น,ข้องจิต ชรินทร์,กาญจน์ลดา มฤคพิทักษ์,audio/เพลงประกอบงานเขียน 19 ชิ้น/ข้องจิต ชรินทร์.m4a,88a19a05.html,false
610b7d55,เพลงประกอบงานเขียน 19 ชิ้น,คนจะรักกัน,กาญจน์ลดา มฤคพิทักษ์,audio/เพลงประกอบงานเขียน 19 ชิ้น/คนจะรักกัน.m4a,610b7d55.html,false
e3c38fcc,เพลงประกอบงานเขียน 19 ชิ้น,คลื่นละเมอฝั่ง,กาญจน์ลดา มฤคพิทักษ์,audio/เพลงประกอบงานเขียน 19 ชิ้น/คลื่นละเมอฝั่ง.m4a,e3c38fcc.html,false
80710348,เพลงประกอบงานเขียน 19 ชิ้น,ความรักไม่รู้จบ ,กาญจน์ลดา มฤคพิทักษ์,audio/เพลงประกอบงานเขียน 19 ชิ้น/ความรักไม่รู้จบ .m4a,80710348.html,false
452720c4,เพลงประกอบงานเขียน 19 ชิ้น,คู่กรรม,กาญจน์ลดา มฤคพิทักษ์,audio/เพลงประกอบงานเขียน 19 ชิ้น/คู่กรรม.m4a,452720c4.html,false
06092fc2,เพลงประกอบงานเขียน 19 ชิ้น,จูบเย้ยจันทร์ ชรินทร์,กาญจน์ลดา มฤคพิทักษ์,audio/เพลงประกอบงานเขียน 19 ชิ้น/จูบเย้ยจันทร์ ชรินทร์.m4a,06092fc2.html,false
4ae76726,เพลงประกอบงานเขียน 19 ชิ้น,ชีวิตกับความหวัง,กาญจน์ลดา มฤคพิทักษ์,audio/เพลงประกอบงานเขียน 19 ชิ้น/ชีวิตกับความหวัง.m4a,4ae76726.html,false
0b69619d,เพลงประกอบงานเขียน 19 ชิ้น,ดวงจันทร์,กาญจน์ลดา มฤคพิทักษ์,audio/เพลงประกอบงานเขียน 19 ชิ้น/ดวงจันทร์.m4a,0b69619d.html,false
745e0d44,เพลงประกอบงานเขียน 19 ชิ้น,ดวงใจในฝัน,กาญจน์ลดา มฤคพิทักษ์,audio/เพลงประกอบงานเขียน 19 ชิ้น/ดวงใจในฝัน.m4a,745e0d44.html,false
ac8d86b8,เพลงประกอบงานเขียน 19 ชิ้น,ต้นตระกูลไทย ,กาญจน์ลดา มฤคพิทักษ์,audio/เพลงประกอบงานเขียน 19 ชิ้น/ต้นตระกูลไทย .m4a,ac8d86b8.html,false
ddf96237,เพลงประกอบงานเขียน 19 ชิ้น,ถึงพี่,กาญจน์ลดา มฤคพิทักษ์,audio/เพลงประกอบงานเขียน 19 ชิ้น/ถึงพี่.m4a,ddf96237.html,false
f7d6ec02,เพลงประกอบงานเขียน 19 ชิ้น,ถ้าหัวใจฉันมีปีก,กาญจน์ลดา มฤคพิทักษ์,audio/เพลงประกอบงานเขียน 19 ชิ้น/ถ้าหัวใจฉันมีปีก.m4a,f7d6ec02.html,false
a98e38a8,เพลงประกอบงานเขียน 19 ชิ้น,ทำดีได้ดีทำชั่วได้ชั่ว,กาญจน์ลดา มฤคพิทักษ์,audio/เพลงประกอบงานเขียน 19 ชิ้น/ทำดีได้ดีทำชั่วได้ชั่ว.m4a,a98e38a8.html,false
4c73b58f,เพลงประกอบงานเขียน 19 ชิ้น,ที่รัก,กาญจน์ลดา มฤคพิทักษ์,audio/เพลงประกอบงานเขียน 19 ชิ้น/ที่รัก.m4a,4c73b58f.html,false
fc6bbc43,เพลงประกอบงานเขียน 19 ชิ้น,บรเทศ สุนทราภรณ์,กาญจน์ลดา มฤคพิทักษ์,audio/เพลงประกอบงานเขียน 19 ชิ้น/บรเทศ สุนทราภรณ์.m4a,fc6bbc43.html,false
1a773ba1,เพลงประกอบงานเขียน 19 ชิ้น,ปาริชาต สุนทราภรณ์,กาญจน์ลดา มฤคพิทักษ์,audio/เพลงประกอบงานเขียน 19 ชิ้น/ปาริชาต สุนทราภรณ์.m4a,1a773ba1.html,false
bc739804,เพลงประกอบงานเขียน 19 ชิ้น,ปูนาขาเก(Instrumental Version),กาญจน์ลดา มฤคพิทักษ์,audio/เพลงประกอบงานเขียน 19 ชิ้น/ปูนาขาเก(Instrumental Version).m4a,bc739804.html,false
86919c77,เพลงประกอบงานเขียน 19 ชิ้น,ฝนตั้งเค้า,กาญจน์ลดา มฤคพิทักษ์,audio/เพลงประกอบงานเขียน 19 ชิ้น/ฝนตั้งเค้า.m4a,86919c77.html,false
bd0f6b90,เพลงประกอบงานเขียน 19 ชิ้น,ฝากฟ้าสั่งดิน ,กาญจน์ลดา มฤคพิทักษ์,audio/เพลงประกอบงานเขียน 19 ชิ้น/ฝากฟ้าสั่งดิน .m4a,bd0f6b90.html,false
447b8b11,เพลงประกอบงานเขียน 19 ชิ้น,พรปีใหม่,กาญจน์ลดา มฤคพิทักษ์,audio/เพลงประกอบงานเขียน 19 ชิ้น/พรปีใหม่.m4a,447b8b11.html,false
836bb42c,เพลงประกอบงานเขียน 19 ชิ้น,พระรัตนตรัย,กาญจน์ลดา มฤคพิทักษ์,audio/เพลงประกอบงานเขียน 19 ชิ้น/พระรัตนตรัย.m4a,836bb42c.html,false
d1077a8e,เพลงประกอบงานเขียน 19 ชิ้น,รัก ชรินทร์,กาญจน์ลดา มฤคพิทักษ์,audio/เพลงประกอบงานเขียน 19 ชิ้น/รัก ชรินทร์.m4a,d1077a8e.html,false
aec95a39,เพลงประกอบงานเขียน 19 ชิ้น,รักริงโง,กาญจน์ลดา มฤคพิทักษ์,audio/เพลงประกอบงานเขียน 19 ชิ้น/รักริงโง.m4a,aec95a39.html,false
ce292631,เพลงประกอบงานเขียน 19 ชิ้น,รักเอย,กาญจน์ลดา มฤคพิทักษ์,audio/เพลงประกอบงานเขียน 19 ชิ้น/รักเอย.m4a,ce292631.html,false
4f77cb09,เพลงประกอบงานเขียน 19 ชิ้น,วนาสวาท ชรินทร์,กาญจน์ลดา มฤคพิทักษ์,audio/เพลงประกอบงานเขียน 19 ชิ้น/วนาสวาท ชรินทร์.m4a,4f77cb09.html,false
835e5f06,เพลงประกอบงานเขียน 19 ชิ้น,วอลซ์นาวี,กาญจน์ลดา มฤคพิทักษ์,audio/เพลงประกอบงานเขียน 19 ชิ้น/วอลซ์นาวี.m4a,835e5f06.html,false
c41df00b,เพลงประกอบงานเขียน 19 ชิ้น,ศรัทธา,กาญจน์ลดา มฤคพิทักษ์,audio/เพลงประกอบงานเขียน 19 ชิ้น/ศรัทธา.m4a,c41df00b.html,false
7ae1668c,เพลงประกอบงานเขียน 19 ชิ้น,ศาสนารัก,กาญจน์ลดา มฤคพิทักษ์,audio/เพลงประกอบงานเขียน 19 ชิ้น/ศาสนารัก.m4a,7ae1668c.html,false
79a37e42,เพลงประกอบงานเขียน 19 ชิ้น,หนึ่งกำลังใจ,กาญจน์ลดา มฤคพิทักษ์,audio/เพลงประกอบงานเขียน 19 ชิ้น/หนึ่งกำลังใจ.m4a,79a37e42.html,false
0efb785b,เพลงประกอบงานเขียน 19 ชิ้น,หนึ่งในร้อย,กาญจน์ลดา มฤคพิทักษ์,audio/เพลงประกอบงานเขียน 19 ชิ้น/หนึ่งในร้อย.m4a,0efb785b.html,false
31e13531,เพลงประกอบงานเขียน 19 ชิ้น,หลักไม้เลื้อย,กาญจน์ลดา มฤคพิทักษ์,audio/เพลงประกอบงานเขียน 19 ชิ้น/หลักไม้เลื้อย.m4a,31e13531.html,false
da4fe72b,เพลงประกอบงานเขียน 19 ชิ้น,หวานรัก ชรินทร์,กาญจน์ลดา มฤคพิทักษ์,audio/เพลงประกอบงานเขียน 19 ชิ้น/หวานรัก ชรินทร์.m4a,da4fe72b.html,false
14b8ddef,เพลงประกอบงานเขียน 19 ชิ้น,อธิษฐานรัก,กาญจน์ลดา มฤคพิทักษ์,audio/เพลงประกอบงานเขียน 19 ชิ้น/อธิษฐานรัก.m4a,14b8ddef.html,false
9f0a3fee,เพลงประกอบงานเขียน 19 ชิ้น,อยากฟังซ้ำ,กาญจน์ลดา มฤคพิทักษ์,audio/เพลงประกอบงานเขียน 19 ชิ้น/อยากฟังซ้ำ.m4a,9f0a3fee.html,false
7e87ca1a,เพลงประกอบงานเขียน 19 ชิ้น,อาลัยลา,กาญจน์ลดา มฤคพิทักษ์,audio/เพลงประกอบงานเขียน 19 ชิ้น/อาลัยลา.m4a,7e87ca1a.html,false
615f6321,เพลงประกอบงานเขียน 19 ชิ้น,เก็บ..ตะวัน,กาญจน์ลดา มฤคพิทักษ์,audio/เพลงประกอบงานเขียน 19 ชิ้น/เก็บ..ตะวัน.m4a,615f6321.html,false
b13fc237,เพลงประกอบงานเขียน 19 ชิ้น,เดินหน้า,กาญจน์ลดา มฤคพิทักษ์,audio/เพลงประกอบงานเขียน 19 ชิ้น/เดินหน้า.m4a,b13fc237.html,false
b95cec90,เพลงประกอบงานเขียน 19 ชิ้น,เราจะยิ้มให้กัน,กาญจน์ลดา มฤคพิทักษ์,audio/เพลงประกอบงานเขียน 19 ชิ้น/เราจะยิ้มให้กัน.m4a,b95cec90.html,false
41d110ab,เพลงประกอบงานเขียน 19 ชิ้น,เรามีเรา,กาญจน์ลดา มฤคพิทักษ์,audio/เพลงประกอบงานเขียน 19 ชิ้น/เรามีเรา.m4a,41d110ab.html,false
4b5b1950,เพลงประกอบงานเขียน 19 ชิ้น,เรือมนุษย์,กาญจน์ลดา มฤคพิทักษ์,audio/เพลงประกอบงานเขียน 19 ชิ้น/เรือมนุษย์.m4a,4b5b1950.html,false
de2e4904,เพลงประกอบงานเขียน 19 ชิ้น,เหมือนคนละฟากฟ้า,กาญจน์ลดา มฤคพิทักษ์,audio/เพลงประกอบงานเขียน 19 ชิ้น/เหมือนคนละฟากฟ้า.m4a,de2e4904.html,false
ef10e6f7,เพลงประกอบงานเขียน 19 ชิ้น,แม่จ๋า,กาญจน์ลดา มฤคพิทักษ์,audio/เพลงประกอบงานเขียน 19 ชิ้น/แม่จ๋า.m4a,ef10e6f7.html,false
81a21d39,เพลงประกอบงานเขียน 19 ชิ้น,แรงรัก,กาญจน์ลดา มฤคพิทักษ์,audio/เพลงประกอบงานเขียน 19 ชิ้น/แรงรัก.m4a,81a21d39.html,false
578433d0,เพลงประกอบงานเขียน 19 ชิ้น,ใจหวนครวญรำพัน(ร้องคู่),กาญจน์ลดา มฤคพิทักษ์,audio/เพลงประกอบงานเขียน 19 ชิ้น/ใจหวนครวญรำพัน(ร้องคู่).m4a,578433d0.html,false
4eea1d17,เพลงประกอบงานเขียน 19 ชิ้น,ให้เธอ (อคูสติก),กาญจน์ลดา มฤคพิทักษ์,audio/เพลงประกอบงานเขียน 19 ชิ้น/ให้เธอ (อคูสติก).m4a,4eea1d17.html,false
4swc5x18,เพลงประกอบงานเขียน 19 ชิ้น,ขอคมากรรม,รฎา ณัฎฐ์ธยาน์,https://youtu.be/NLod0yNREHI?si=AmxKER4KGYSU66N,4swc5x18.html,true
b9d0229b,เพลงประกอบงานเขียน 19 ชิ้น,พรแผ่นดิน,กาญจน์ลดา มฤคพิทักษ์,audio/เพลงประกอบงานเขียน 19 ชิ้น/พรแผ่นดิน.m4a,b9d0229b.html,false
0c4ab42a,เพลงประกอบงานเขียน 19 ชิ้น,รุ้งพระจันทร์,กาญจน์ลดา มฤคพิทักษ์,audio/เพลงประกอบงานเขียน 19 ชิ้น/รุ้งพระจันทร์.m4a,0c4ab42a.html,false
c0ec9d8c,เพลงประกอบงานเขียน 19 ชิ้น,โลกหมุนเวียน,กาญจน์ลดา มฤคพิทักษ์,audio/เพลงประกอบงานเขียน 19 ชิ้น/โลกหมุนเวียน.m4a,c0ec9d8c.html,false
24980990,กาญจน์ลดา มฤคพิทักษ์ - กาญจน์ลดา 1,ไม่ใกล้ไม่ไกล,กาญจน์ลดา มฤคพิทักษ์,audio/กาญจน์ลดา มฤคพิทักษ์ - กาญจน์ลดา 1/01. ไม่ใกล้ไม่ไกล.mp3,24980990.html,false
424504f2,กาญจน์ลดา มฤคพิทักษ์ - กาญจน์ลดา 1,กล้วยไม้,กาญจน์ลดา มฤคพิทักษ์,audio/กาญจน์ลดา มฤคพิทักษ์ - กาญจน์ลดา 1/02. กล้วยไม้.mp3,424504f2.html,false
a5c26fa4,กาญจน์ลดา มฤคพิทักษ์ - กาญจน์ลดา 1,โอ้ทูลกระหม่อม,กาญจน์ลดา มฤคพิทักษ์,audio/กาญจน์ลดา มฤคพิทักษ์ - กาญจน์ลดา 1/03. โอ้ทูลกระหม่อม.mp3,a5c26fa4.html,false
562fbc57,กาญจน์ลดา มฤคพิทักษ์ - กาญจน์ลดา 1,กว่าเราจะรักกันได้,กาญจน์ลดา มฤคพิทักษ์,audio/กาญจน์ลดา มฤคพิทักษ์ - กาญจน์ลดา 1/04. กว่าเราจะรักกันได้.mp3,562fbc57.html,false
def3de36,กาญจน์ลดา มฤคพิทักษ์ - กาญจน์ลดา 1,มนต์รักลูกทุ่ง,กาญจน์ลดา มฤคพิทักษ์,audio/กาญจน์ลดา มฤคพิทักษ์ - กาญจน์ลดา 1/05. มนต์รักลูกทุ่ง.mp3,def3de36.html,false
6d329543,กาญจน์ลดา มฤคพิทักษ์ - กาญจน์ลดา 1,ปาหนัน,กาญจน์ลดา มฤคพิทักษ์,audio/กาญจน์ลดา มฤคพิทักษ์ - กาญจน์ลดา 1/06. ปาหนัน.mp3,6d329543.html,false
2ad09274,กาญจน์ลดา มฤคพิทักษ์ - กาญจน์ลดา 1,ฝากหมอน,กาญจน์ลดา มฤคพิทักษ์,audio/กาญจน์ลดา มฤคพิทักษ์ - กาญจน์ลดา 1/07. ฝากหมอน.mp3,2ad09274.html,false
5be1a45a,กาญจน์ลดา มฤคพิทักษ์ - กาญจน์ลดา 1,สมมุติว่าเขารัก,กาญจน์ลดา มฤคพิทักษ์,audio/กาญจน์ลดา มฤคพิทักษ์ - กาญจน์ลดา 1/08. สมมุติว่าเขารัก.mp3,5be1a45a.html,false
930853eb,กาญจน์ลดา มฤคพิทักษ์ - กาญจน์ลดา 1,รักเธอคนเดียว,กาญจน์ลดา มฤคพิทักษ์,audio/กาญจน์ลดา มฤคพิทักษ์ - กาญจน์ลดา 1/09. รักเธอคนเดียว.mp3,930853eb.html,false
fe934ad8,กาญจน์ลดา มฤคพิทักษ์ - กาญจน์ลดา 1,รักเอ๋ยรักข้า,กาญจน์ลดา มฤคพิทักษ์,audio/กาญจน์ลดา มฤคพิทักษ์ - กาญจน์ลดา 1/10. รักเอ๋ยรักข้า.mp3,fe934ad8.html,false
62c62dcc,กาญจน์ลดา มฤคพิทักษ์ - กาญจน์ลดา 1,ดอกไม้ใกล้มือ,กาญจน์ลดา มฤคพิทักษ์,audio/กาญจน์ลดา มฤคพิทักษ์ - กาญจน์ลดา 1/11. ดอกไม้ใกล้มือ.mp3,62c62dcc.html,false
ba7ce75a,กาญจน์ลดา มฤคพิทักษ์ - กาญจน์ลดา 1,ลุ่มเจ้าพระยา,กาญจน์ลดา มฤคพิทักษ์,audio/กาญจน์ลดา มฤคพิทักษ์ - กาญจน์ลดา 1/12. ลุ่มเจ้าพระยา.mp3,ba7ce75a.html,false
2ef1036f,กาญจน์ลดา มฤคพิทักษ์ - กาญจน์ลดา 1,ขอรักคืน,กาญจน์ลดา มฤคพิทักษ์,audio/กาญจน์ลดา มฤคพิทักษ์ - กาญจน์ลดา 1/13. ขอรักคืน.mp3,2ef1036f.html,false
f1301a0f,กาญจน์ลดา มฤคพิทักษ์ - กาญจน์ลดา 1,เสียงกระซิบจากเกลียวคลื่น,กาญจน์ลดา มฤคพิทักษ์,audio/กาญจน์ลดา มฤคพิทักษ์ - กาญจน์ลดา 1/14. เสียงกระซิบจากเกลียวคลื่น.mp3,f1301a0f.html,false
1618b998,กาญจน์ลดา มฤคพิทักษ์ - กาญจน์ลดา 1,วิมานสีชมพู,กาญจน์ลดา มฤคพิทักษ์,audio/กาญจน์ลดา มฤคพิทักษ์ - กาญจน์ลดา 1/15. วิมานสีชมพู.mp3,1618b998.html,false
7cef0a99,กาญจน์ลดา มฤคพิทักษ์ - กาญจน์ลดา 1,แรมพิศวาส,กาญจน์ลดา มฤคพิทักษ์,audio/กาญจน์ลดา มฤคพิทักษ์ - กาญจน์ลดา 1/16. แรมพิศวาส.mp3,7cef0a99.html,false
34a530fc,กาญจน์ลดา มฤคพิทักษ์ - กาญจน์ลดา 1,รอพี่,กาญจน์ลดา มฤคพิทักษ์,audio/กาญจน์ลดา มฤคพิทักษ์ - กาญจน์ลดา 1/17. รอพี่.mp3,34a530fc.html,false
6e6ba8f8,กาญจน์ลดา มฤคพิทักษ์ - กาญจน์ลดา 2,เพื่อคุณ,กาญจน์ลดา มฤคพิทักษ์,audio/กาญจน์ลดา มฤคพิทักษ์ - กาญจน์ลดา 2/01. เพื่อคุณ.mp3,6e6ba8f8.html,false
ee406a9b,กาญจน์ลดา มฤคพิทักษ์ - กาญจน์ลดา 2,ถึงเธอ,กาญจน์ลดา มฤคพิทักษ์,audio/กาญจน์ลดา มฤคพิทักษ์ - กาญจน์ลดา 2/02. ถึงเธอ.mp3,ee406a9b.html,false
80d38b70,กาญจน์ลดา มฤคพิทักษ์ - กาญจน์ลดา 2,มนต์ดลใจ,กาญจน์ลดา มฤคพิทักษ์,audio/กาญจน์ลดา มฤคพิทักษ์ - กาญจน์ลดา 2/03. มนต์ดลใจ.mp3,80d38b70.html,false
6afd66e2,กาญจน์ลดา มฤคพิทักษ์ - กาญจน์ลดา 2,ใจรัก,กาญจน์ลดา มฤคพิทักษ์,audio/กาญจน์ลดา มฤคพิทักษ์ - กาญจน์ลดา 2/04. ใจรัก.mp3,6afd66e2.html,false
f3ac4f6b,กาญจน์ลดา มฤคพิทักษ์ - กาญจน์ลดา 2,หวานรัก,กาญจน์ลดา มฤคพิทักษ์,audio/กาญจน์ลดา มฤคพิทักษ์ - กาญจน์ลดา 2/05. หวานรัก.mp3,f3ac4f6b.html,false
f179793b,กาญจน์ลดา มฤคพิทักษ์ - กาญจน์ลดา 2,ฝากดิน,กาญจน์ลดา มฤคพิทักษ์,audio/กาญจน์ลดา มฤคพิทักษ์ - กาญจน์ลดา 2/06. ฝากดิน.mp3,f179793b.html,false
545b5597,กาญจน์ลดา มฤคพิทักษ์ - กาญจน์ลดา 2,ผู้ครองรัก,กาญจน์ลดา มฤคพิทักษ์,audio/กาญจน์ลดา มฤคพิทักษ์ - กาญจน์ลดา 2/07. ผู้ครองรัก.mp3,545b5597.html,false
227e6321,กาญจน์ลดา มฤคพิทักษ์ - กาญจน์ลดา 2,รอพี่,กาญจน์ลดา มฤคพิทักษ์,audio/กาญจน์ลดา มฤคพิทักษ์ - กาญจน์ลดา 2/08. รอพี่.mp3,227e6321.html,false
c1e2d246,กาญจน์ลดา มฤคพิทักษ์ - กาญจน์ลดา 2,สาวสะอื้น,กาญจน์ลดา มฤคพิทักษ์,audio/กาญจน์ลดา มฤคพิทักษ์ - กาญจน์ลดา 2/09. สาวสะอื้น.mp3,c1e2d246.html,false
5f9d2480,กาญจน์ลดา มฤคพิทักษ์ - กาญจน์ลดา 2,รักลาฟ้าเศร้า,กาญจน์ลดา มฤคพิทักษ์,audio/กาญจน์ลดา มฤคพิทักษ์ - กาญจน์ลดา 2/10. รักลาฟ้าเศร้า.mp3,5f9d2480.html,false
01ebca97,กาญจน์ลดา มฤคพิทักษ์ - กาญจน์ลดา 2,ขวัญเรียม,กาญจน์ลดา มฤคพิทักษ์,audio/กาญจน์ลดา มฤคพิทักษ์ - กาญจน์ลดา 2/11. ขวัญเรียม.mp3,01ebca97.html,false
8a6b5554,กาญจน์ลดา มฤคพิทักษ์ - กาญจน์ลดา 2,ดอกไม้กับเพลง,กาญจน์ลดา มฤคพิทักษ์,audio/กาญจน์ลดา มฤคพิทักษ์ - กาญจน์ลดา 2/12. ดอกไม้กับเพลง.mp3,8a6b5554.html,false
effc6ae8,กาญจน์ลดา มฤคพิทักษ์ - กาญจน์ลดา 2,ใจหวลครวญรำพัน,กาญจน์ลดา มฤคพิทักษ์,audio/กาญจน์ลดา มฤคพิทักษ์ - กาญจน์ลดา 2/13. ใจหวลครวญรำพัน.mp3,effc6ae8.html,false
45d3d88a,กาญจน์ลดา มฤคพิทักษ์ - กาญจน์ลดา 2,เสียงกระซิบจากเกลียงคลื่น,กาญจน์ลดา มฤคพิทักษ์,audio/กาญจน์ลดา มฤคพิทักษ์ - กาญจน์ลดา 2/14. เสียงกระซิบจากเกลียงคลื่น.mp3,45d3d88a.html,false
3f3aabb2,กาญจน์ลดา มฤคพิทักษ์ - กาญจน์ลดา 2,วิมานสีชมพู,กาญจน์ลดา มฤคพิทักษ์,audio/กาญจน์ลดา มฤคพิทักษ์ - กาญจน์ลดา 2/15. วิมานสีชมพู.mp3,3f3aabb2.html,false
f1fa6175,กาญจน์ลดา มฤคพิทักษ์ - กาญจน์ลดา 2,กล้วยไม้,กาญจน์ลดา มฤคพิทักษ์,audio/กาญจน์ลดา มฤคพิทักษ์ - กาญจน์ลดา 2/16. กล้วยไม้.mp3,f1fa6175.html,false
a31e9f94,กาญจน์ลดา มฤคพิทักษ์ - กาญจน์ลดา 3,คนึงครวญ,กาญจน์ลดา มฤคพิทักษ์,audio/กาญจน์ลดา มฤคพิทักษ์ - กาญจน์ลดา 3/01. คนึงครวญ.mp3,a31e9f94.html,false
a2c15e93,กาญจน์ลดา มฤคพิทักษ์ - กาญจน์ลดา 3,ห่วงอาลัย,กาญจน์ลดา มฤคพิทักษ์,audio/กาญจน์ลดา มฤคพิทักษ์ - กาญจน์ลดา 3/02. ห่วงอาลัย.mp3,a2c15e93.html,false
8a93db01,กาญจน์ลดา มฤคพิทักษ์ - กาญจน์ลดา 3,อุทยานดอกไม้,กาญจน์ลดา มฤคพิทักษ์,audio/กาญจน์ลดา มฤคพิทักษ์ - กาญจน์ลดา 3/03. อุทยานดอกไม้.mp3,8a93db01.html,false
314851a0,กาญจน์ลดา มฤคพิทักษ์ - กาญจน์ลดา 3,สาส์นรัก,กาญจน์ลดา มฤคพิทักษ์,audio/กาญจน์ลดา มฤคพิทักษ์ - กาญจน์ลดา 3/04. สาส์นรัก.mp3,314851a0.html,false
7237bf9f,กาญจน์ลดา มฤคพิทักษ์ - กาญจน์ลดา 3,มั่นใจไม่รัก,กาญจน์ลดา มฤคพิทักษ์,audio/กาญจน์ลดา มฤคพิทักษ์ - กาญจน์ลดา 3/05. มั่นใจไม่รัก.mp3,7237bf9f.html,false
3691a0eb,กาญจน์ลดา มฤคพิทักษ์ - กาญจน์ลดา 3,กระซิบสวาท,กาญจน์ลดา มฤคพิทักษ์,audio/กาญจน์ลดา มฤคพิทักษ์ - กาญจน์ลดา 3/06. กระซิบสวาท.mp3,3691a0eb.html,false
a29ccd89,กาญจน์ลดา มฤคพิทักษ์ - กาญจน์ลดา 3,รอคำรัก,กาญจน์ลดา มฤคพิทักษ์,audio/กาญจน์ลดา มฤคพิทักษ์ - กาญจน์ลดา 3/07. รอคำรัก.mp3,a29ccd89.html,false
3da5828b,กาญจน์ลดา มฤคพิทักษ์ - กาญจน์ลดา 3,สายทิพย์,กาญจน์ลดา มฤคพิทักษ์,audio/กาญจน์ลดา มฤคพิทักษ์ - กาญจน์ลดา 3/08. สายทิพย์.mp3,3da5828b.html,false
37df8b15,กาญจน์ลดา มฤคพิทักษ์ - กาญจน์ลดา 3,บัวกลางบึง,กาญจน์ลดา มฤคพิทักษ์,audio/กาญจน์ลดา มฤคพิทักษ์ - กาญจน์ลดา 3/09. บัวกลางบึง.mp3,37df8b15.html,false
1708d342,กาญจน์ลดา มฤคพิทักษ์ - กาญจน์ลดา 3,อีสา,กาญจน์ลดา มฤคพิทักษ์,audio/กาญจน์ลดา มฤคพิทักษ์ - กาญจน์ลดา 3/10. อีสา.mp3,1708d342.html,false
5891260f,กาญจน์ลดา มฤคพิทักษ์ - กาญจน์ลดา 3,แว่วเสียงซึง,กาญจน์ลดา มฤคพิทักษ์,audio/กาญจน์ลดา มฤคพิทักษ์ - กาญจน์ลดา 3/11. แว่วเสียงซึง.mp3,5891260f.html,false
6ef60a39,กาญจน์ลดา มฤคพิทักษ์ - กาญจน์ลดา 3,รักปักใจ,กาญจน์ลดา มฤคพิทักษ์,audio/กาญจน์ลดา มฤคพิทักษ์ - กาญจน์ลดา 3/12. รักปักใจ.mp3,6ef60a39.html,false
5108c0b8,กาญจน์ลดา มฤคพิทักษ์ - กาญจน์ลดา 3,รักบังใบ,กาญจน์ลดา มฤคพิทักษ์,audio/กาญจน์ลดา มฤคพิทักษ์ - กาญจน์ลดา 3/13. รักบังใบ.mp3,5108c0b8.html,false
b1ff6b12,กาญจน์ลดา มฤคพิทักษ์ - กาญจน์ลดา 3,หวานรัก,กาญจน์ลดา มฤคพิทักษ์,audio/กาญจน์ลดา มฤคพิทักษ์ - กาญจน์ลดา 3/14. หวานรัก.mp3,b1ff6b12.html,false
5999c55b,กาญจน์ลดา มฤคพิทักษ์ - กาญจน์ลดา 3,รักเธอคนเดียว,กาญจน์ลดา มฤคพิทักษ์,audio/กาญจน์ลดา มฤคพิทักษ์ - กาญจน์ลดา 3/15. รักเธอคนเดียว.mp3,5999c55b.html,false
453dcbb2,กาญจน์ลดา มฤคพิทักษ์ - กาญจน์ลดา 3,รักเอ๋ยรักข้า,กาญจน์ลดา มฤคพิทักษ์,audio/กาญจน์ลดา มฤคพิทักษ์ - กาญจน์ลดา 3/16. รักเอ๋ยรักข้า.mp3,453dcbb2.html,false
d5efdd59,กาญจน์ลดา มฤคพิทักษ์ - กาญจน์ลดา 3,วัยระวี,กาญจน์ลดา มฤคพิทักษ์,audio/กาญจน์ลดา มฤคพิทักษ์ - กาญจน์ลดา 3/17. วัยระวี.mp3,d5efdd59.html,false
8d9c8286,ชรินทร์ ชุดที่ 1,ข้องจิต ชรินทร์,กาญจน์ลดา มฤคพิทักษ์,audio/ชรินทร์ ชุดที่ 1/ข้องจิต ชรินทร์.mp3,8d9c8286.html,false
c6a9d3ca,ชรินทร์ ชุดที่ 1,คืนหนึ่ง ชรินทร์,กาญจน์ลดา มฤคพิทักษ์,audio/ชรินทร์ ชุดที่ 1/คืนหนึ่ง ชรินทร์.mp3,c6a9d3ca.html,false
f9694f96,ชรินทร์ ชุดที่ 1,ง้อรัก,กาญจน์ลดา มฤคพิทักษ์,audio/ชรินทร์ ชุดที่ 1/ง้อรัก.mp3,f9694f96.html,false
1f174ec5,ชรินทร์ ชุดที่ 1,จนจริงไม่จนรัก ชรินทร์,กาญจน์ลดา มฤคพิทักษ์,audio/ชรินทร์ ชุดที่ 1/จนจริงไม่จนรัก ชรินทร์.mp3,1f174ec5.html,false
62c9e01d,ชรินทร์ ชุดที่ 1,ฉอเลาะรัก ชรินทร์,กาญจน์ลดา มฤคพิทักษ์,audio/ชรินทร์ ชุดที่ 1/ฉอเลาะรัก ชรินทร์.mp3,62c9e01d.html,false
b522948b,ชรินทร์ ชุดที่ 1,ธารน้ำรัก ชรินทร์,กาญจน์ลดา มฤคพิทักษ์,audio/ชรินทร์ ชุดที่ 1/ธารน้ำรัก ชรินทร์.mp3,b522948b.html,false
09d86f70,ชรินทร์ ชุดที่ 1,นกเขาคูรัก ชรินทร์,กาญจน์ลดา มฤคพิทักษ์,audio/ชรินทร์ ชุดที่ 1/นกเขาคูรัก ชรินทร์.mp3,09d86f70.html,false
3d78a424,ชรินทร์ ชุดที่ 1,ฝนนี้ ชรินทร์,กาญจน์ลดา มฤคพิทักษ์,audio/ชรินทร์ ชุดที่ 1/ฝนนี้ ชรินทร์.mp3,3d78a424.html,false
3271365a,ชรินทร์ ชุดที่ 1,พรพรหม ชรินทร์,กาญจน์ลดา มฤคพิทักษ์,audio/ชรินทร์ ชุดที่ 1/พรพรหม ชรินทร์.mp3,3271365a.html,false
c3f83ccd,ชรินทร์ ชุดที่ 1,พระจันทร์วันเพ็ญ ชรินทร์,กาญจน์ลดา มฤคพิทักษ์,audio/ชรินทร์ ชุดที่ 1/พระจันทร์วันเพ็ญ ชรินทร์.mp3,c3f83ccd.html,false
7dc5675e,ชรินทร์ ชุดที่ 1,มั่นใจรัก ชรินทร์,กาญจน์ลดา มฤคพิทักษ์,audio/ชรินทร์ ชุดที่ 1/มั่นใจรัก ชรินทร์.mp3,7dc5675e.html,false
18a31f65,ชรินทร์ ชุดที่ 1,วิมานรักห้วยแก้ว ชรินทร์,กาญจน์ลดา มฤคพิทักษ์,audio/ชรินทร์ ชุดที่ 1/วิมานรักห้วยแก้ว ชรินทร์.mp3,18a31f65.html,false
e0822021,ชรินทร์ ชุดที่ 1,สักขีแม่ปิง ชรินทร์,กาญจน์ลดา มฤคพิทักษ์,audio/ชรินทร์ ชุดที่ 1/สักขีแม่ปิง ชรินทร์.mp3,e0822021.html,false
e6747d63,ชรินทร์ ชุดที่ 1,สัญญารัก ชรินทร์,กาญจน์ลดา มฤคพิทักษ์,audio/ชรินทร์ ชุดที่ 1/สัญญารัก ชรินทร์.mp3,e6747d63.html,false
3124ea73,ชรินทร์ ชุดที่ 1,เชื่อรัก ชรินทร์,กาญจน์ลดา มฤคพิทักษ์,audio/ชรินทร์ ชุดที่ 1/เชื่อรัก ชรินทร์.mp3,3124ea73.html,false
d1ce7b1e,ชรินทร์ ชุดที่ 1,เธออยู่ไหน ชรินทร์,กาญจน์ลดา มฤคพิทักษ์,audio/ชรินทร์ ชุดที่ 1/เธออยู่ไหน ชรินทร์.mp3,d1ce7b1e.html,false
dbf3ef3f,ชรินทร์ ชุดที่ 1,แต่ปางก่อน ชรินทร์,กาญจน์ลดา มฤคพิทักษ์,audio/ชรินทร์ ชุดที่ 1/แต่ปางก่อน ชรินทร์.mp3,dbf3ef3f.html,false
fc566fa0,ชรินทร์ ชุดที่ 2,ขอเป็นจันทร์ ชรินทร์,กาญจน์ลดา มฤคพิทักษ์,audio/ชรินทร์ ชุดที่ 2/ขอเป็นจันทร์ ชรินทร์.mp3,fc566fa0.html,false
ef0627bf,ชรินทร์ ชุดที่ 2,จูบเย้ยจันทร์ ชรินทร์,กาญจน์ลดา มฤคพิทักษ์,audio/ชรินทร์ ชุดที่ 2/จูบเย้ยจันทร์ ชรินทร์.mp3,ef0627bf.html,false
f10aeb46,ชรินทร์ ชุดที่ 2,ดำเนินทราย ชรินทร์,กาญจน์ลดา มฤคพิทักษ์,audio/ชรินทร์ ชุดที่ 2/ดำเนินทราย ชรินทร์.mp3,f10aeb46.html,false
2c8f1678,ชรินทร์ ชุดที่ 2,ถนอมรัก ชรินทร์,กาญจน์ลดา มฤคพิทักษ์,audio/ชรินทร์ ชุดที่ 2/ถนอมรัก ชรินทร์.mp3,2c8f1678.html,false
17abf7bc,ชรินทร์ ชุดที่ 2,ทุยจ๋าทุย ชรินทร์,กาญจน์ลดา มฤคพิทักษ์,audio/ชรินทร์ ชุดที่ 2/ทุยจ๋าทุย ชรินทร์.mp3,17abf7bc.html,false
df963b28,ชรินทร์ ชุดที่ 2,ปองใจรัก ชรินทร์,กาญจน์ลดา มฤคพิทักษ์,audio/ชรินทร์ ชุดที่ 2/ปองใจรัก ชรินทร์.mp3,df963b28.html,false
05c57178,ชรินทร์ ชุดที่ 2,พ่อแง่แม่งอน ชรินทร์,กาญจน์ลดา มฤคพิทักษ์,audio/ชรินทร์ ชุดที่ 2/พ่อแง่แม่งอน ชรินทร์.mp3,05c57178.html,false
99557898,ชรินทร์ ชุดที่ 2,มนต์รักดอกคำใต้ ชรินทร์,กาญจน์ลดา มฤคพิทักษ์,audio/ชรินทร์ ชุดที่ 2/มนต์รักดอกคำใต้ ชรินทร์.mp3,99557898.html,false
1102fdea,ชรินทร์ ชุดที่ 2,รัก ชรินทร์,กาญจน์ลดา มฤคพิทักษ์,audio/ชรินทร์ ชุดที่ 2/รัก ชรินทร์.mp3,1102fdea.html,false
9213321c,ชรินทร์ ชุดที่ 2,รักฉันนานๆ ชรินทร์,กาญจน์ลดา มฤคพิทักษ์,audio/ชรินทร์ ชุดที่ 2/รักฉันนานๆ ชรินทร์.mp3,9213321c.html,false
f83b9f6a,ชรินทร์ ชุดที่ 2,รักใต้ร่มไทร ชรินทร์,กาญจน์ลดา มฤคพิทักษ์,audio/ชรินทร์ ชุดที่ 2/รักใต้ร่มไทร ชรินทร์.mp3,f83b9f6a.html,false
a81f4bbc,ชรินทร์ ชุดที่ 2,วนาสวาท ชรินทร์,กาญจน์ลดา มฤคพิทักษ์,audio/ชรินทร์ ชุดที่ 2/วนาสวาท ชรินทร์.mp3,a81f4bbc.html,false
299b3b67,ชรินทร์ ชุดที่ 2,หวานรัก ชรินทร์,กาญจน์ลดา มฤคพิทักษ์,audio/ชรินทร์ ชุดที่ 2/หวานรัก ชรินทร์.mp3,299b3b67.html,false
87c822ba,ชรินทร์ ชุดที่ 2,อ้อยใจ ชรินทร์,กาญจน์ลดา มฤคพิทักษ์,audio/ชรินทร์ ชุดที่ 2/อ้อยใจ ชรินทร์.mp3,87c822ba.html,false
40353302,ชรินทร์ ชุดที่ 2,ใต้ร่มมลุลี ชรินทร์,กาญจน์ลดา มฤคพิทักษ์,audio/ชรินทร์ ชุดที่ 2/ใต้ร่มมลุลี ชรินทร์.mp3,40353302.html,false
dea6d193,แลหลังฟังเพลง,ขอโทษ,กาญจน์ลดา มฤคพิทักษ์,audio/แลหลังฟังเพลง/ขอโทษ - กาญจน์ลดา มฤคพิทักษ์.mp3,dea6d193.html,false
b6ce137b,แลหลังฟังเพลง,คน,กาญจน์ลดา มฤคพิทักษ์,audio/แลหลังฟังเพลง/คน - กาญจน์ลดา มฤคพิทักษ์.mp3,b6ce137b.html,false
34f9d2b3,แลหลังฟังเพลง,คนทำทาง,กาญจน์ลดา มฤคพิทักษ์,audio/แลหลังฟังเพลง/คนทำทาง - กาญจน์ลดา มฤคพิทักษ์.mp3,34f9d2b3.html,false
5ac301ec,แลหลังฟังเพลง,คลื่นละเมอฝั่ง,กาญจน์ลดา มฤคพิทักษ์,audio/แลหลังฟังเพลง/คลื่นละเมอฝั่ง - กาญจน์ลดา มฤคพิทักษ์.mp3,5ac301ec.html,false
c7d6c581,แลหลังฟังเพลง,ความทรงจำ,กาญจน์ลดา มฤคพิทักษ์,audio/แลหลังฟังเพลง/ความทรงจำ - กาญจน์ลดา มฤคพิทักษ์.mp3,c7d6c581.html,false
19462534,แลหลังฟังเพลง,ความรักเจ้าขา,กาญจน์ลดา มฤคพิทักษ์,audio/แลหลังฟังเพลง/ความรักเจ้าขา - กาญจน์ลดา มฤคพิทักษ์.mp3,19462534.html,false
493f2058,แลหลังฟังเพลง,จากรัก,กาญจน์ลดา มฤคพิทักษ์,audio/แลหลังฟังเพลง/จากรัก - กาญจน์ลดา มฤคพิทักษ์.mp3,493f2058.html,false
7faca5a6,แลหลังฟังเพลง,ฉันจะฝันถึงเธอ,กาญจน์ลดา มฤคพิทักษ์,audio/แลหลังฟังเพลง/ฉันจะฝันถึงเธอ - กาญจน์ลดา มฤคพิทักษ์.mp3,7faca5a6.html,false
75f874a6,แลหลังฟังเพลง,ดอกฟ้ารามัญ,กาญจน์ลดา มฤคพิทักษ์,audio/แลหลังฟังเพลง/ดอกฟ้ารามัญ - กาญจน์ลดา มฤคพิทักษ์.mp3,75f874a6.html,false
b1cea6a7,แลหลังฟังเพลง,ดอกไม้จะบาน,กาญจน์ลดา มฤคพิทักษ์,audio/แลหลังฟังเพลง/ดอกไม้จะบาน - กาญจน์ลดา มฤคพิทักษ์.mp3,b1cea6a7.html,false
a86ddcab,แลหลังฟังเพลง,ดอกไม้ใกล้มือ,กาญจน์ลดา มฤคพิทักษ์,audio/แลหลังฟังเพลง/ดอกไม้ใกล้มือ - กาญจน์ลดา มฤคพิทักษ์.mp3,a86ddcab.html,false
daed625d,แลหลังฟังเพลง,น้อยไปอีกหรือ,กาญจน์ลดา มฤคพิทักษ์,audio/แลหลังฟังเพลง/น้อยไปอีกหรือ - กาญจน์ลดา มฤคพิทักษ์.mp3,daed625d.html,false
0a294569,แลหลังฟังเพลง,น้ำตาลาไทร,กาญจน์ลดา มฤคพิทักษ์,audio/แลหลังฟังเพลง/น้ำตาลาไทร - กาญจน์ลดา มฤคพิทักษ์.mp3,0a294569.html,false
9ef4f117,แลหลังฟังเพลง,บัวเรียงบัวโรย,กาญจน์ลดา มฤคพิทักษ์,audio/แลหลังฟังเพลง/บัวเรียงบัวโรย - กาญจน์ลดา มฤคพิทักษ์.mp3,9ef4f117.html,false
8fe40e6e,แลหลังฟังเพลง,บ้านนาราตรี,กาญจน์ลดา มฤคพิทักษ์,audio/แลหลังฟังเพลง/บ้านนาราตรี - กาญจน์ลดา มฤคพิทักษ์.mp3,8fe40e6e.html,false
05954bc2,แลหลังฟังเพลง,ปาหนัน,กาญจน์ลดา มฤคพิทักษ์,audio/แลหลังฟังเพลง/ปาหนัน - กาญจน์ลดา มฤคพิทักษ์.mp3,05954bc2.html,false
b818c987,แลหลังฟังเพลง,ปิ่นทอง สวลี,กาญจน์ลดา มฤคพิทักษ์,audio/แลหลังฟังเพลง/ปิ่นทอง สวลี - กาญจน์ลดา มฤคพิทักษ์.mp3,b818c987.html,false
7b173066,แลหลังฟังเพลง,ฝนหนาวสาวครวญ,กาญจน์ลดา มฤคพิทักษ์,audio/แลหลังฟังเพลง/ฝนหนาวสาวครวญ - กาญจน์ลดา มฤคพิทักษ์.mp3,7b173066.html,false
865f6fed,แลหลังฟังเพลง,ฝากเพลงถึงเธอ,กาญจน์ลดา มฤคพิทักษ์,audio/แลหลังฟังเพลง/ฝากเพลงถึงเธอ - กาญจน์ลดา มฤคพิทักษ์.mp3,865f6fed.html,false
e83d4c18,แลหลังฟังเพลง,มะเทิ่ง  เม้ยเจิง,กาญจน์ลดา มฤคพิทักษ์,audio/แลหลังฟังเพลง/มะเทิ่ง  เม้ยเจิง - กาญจน์ลดา มฤคพิทักษ์.mp3,e83d4c18.html,false
4789c757,แลหลังฟังเพลง,มิตรแห่งความดี,กาญจน์ลดา มฤคพิทักษ์,audio/แลหลังฟังเพลง/มิตรแห่งความดี - กาญจน์ลดา มฤคพิทักษ์.mp3,4789c757.html,false
c93996ad,แลหลังฟังเพลง,ยิ่งบ่อยยิ่งดี,กาญจน์ลดา มฤคพิทักษ์,audio/แลหลังฟังเพลง/ยิ่งบ่อยยิ่งดี - กาญจน์ลดา มฤคพิทักษ์.mp3,c93996ad.html,false
efb70dc0,แลหลังฟังเพลง,รักคนที่เขารักเราดีกว่า,กาญจน์ลดา มฤคพิทักษ์,audio/แลหลังฟังเพลง/รักคนที่เขารักเราดีกว่า - กาญจน์ลดา มฤคพิทักษ์.mp3,efb70dc0.html,false
9211a8af,แลหลังฟังเพลง,รักสลาย   กาญจน์ลดา มฤคพิทักษ์,กาญจน์ลดา มฤคพิทักษ์,audio/แลหลังฟังเพลง/รักสลาย   กาญจน์ลดา มฤคพิทักษ์.mp3,9211a8af.html,false
f59e3d55,แลหลังฟังเพลง,ราชาเป็นสง่าแห่งแคว้น,กาญจน์ลดา มฤคพิทักษ์,audio/แลหลังฟังเพลง/ราชาเป็นสง่าแห่งแคว้น - กาญจน์ลดา มฤคพิทักษ์.mp3,f59e3d55.html,false
cd90274b,แลหลังฟังเพลง,รุ้งทองฟ่องฟ้า,กาญจน์ลดา มฤคพิทักษ์,audio/แลหลังฟังเพลง/รุ้งทองฟ่องฟ้า - กาญจน์ลดา มฤคพิทักษ์.mp3,cd90274b.html,false
4e65e7ca,แลหลังฟังเพลง,ลม,กาญจน์ลดา มฤคพิทักษ์,audio/แลหลังฟังเพลง/ลม - กาญจน์ลดา มฤคพิทักษ์.mp3,4e65e7ca.html,false
c80e16f8,แลหลังฟังเพลง,ลาวครวญ,กาญจน์ลดา มฤคพิทักษ์,audio/แลหลังฟังเพลง/ลาวครวญ - กาญจน์ลดา มฤคพิทักษ์.mp3,c80e16f8.html,false
01855384,แลหลังฟังเพลง,ลาวสมเด็จ,กาญจน์ลดา มฤคพิทักษ์,audio/แลหลังฟังเพลง/ลาวสมเด็จ - กาญจน์ลดา มฤคพิทักษ์.mp3,01855384.html,false
a8a19207,แลหลังฟังเพลง,ลืมเสียเถิดอย่าคิดถึง,กาญจน์ลดา มฤคพิทักษ์,audio/แลหลังฟังเพลง/ลืมเสียเถิดอย่าคิดถึง - กาญจน์ลดา มฤคพิทักษ์.mp3,a8a19207.html,false
b6fdba3d,แลหลังฟังเพลง,วอนลมฝากรัก,กาญจน์ลดา มฤคพิทักษ์,audio/แลหลังฟังเพลง/วอนลมฝากรัก - กาญจน์ลดา มฤคพิทักษ์.mp3,b6fdba3d.html,false
671df6a3,แลหลังฟังเพลง,วิญญาณในภาพถ่าย,กาญจน์ลดา มฤคพิทักษ์,audio/แลหลังฟังเพลง/วิญญาณในภาพถ่าย - กาญจน์ลดา มฤคพิทักษ์.mp3,671df6a3.html,false
84ac9bb4,แลหลังฟังเพลง,ศรรัก,กาญจน์ลดา มฤคพิทักษ์,audio/แลหลังฟังเพลง/ศรรัก - กาญจน์ลดา มฤคพิทักษ์.mp3,84ac9bb4.html,false
2f09bee8,แลหลังฟังเพลง,สยามเมืองยิ้ม,กาญจน์ลดา มฤคพิทักษ์,audio/แลหลังฟังเพลง/สยามเมืองยิ้ม - กาญจน์ลดา มฤคพิทักษ์.mp3,2f09bee8.html,false
949b29ea,แลหลังฟังเพลง,สร้อยแสงแดง,กาญจน์ลดา มฤคพิทักษ์,audio/แลหลังฟังเพลง/สร้อยแสงแดง - กาญจน์ลดา มฤคพิทักษ์.mp3,949b29ea.html,false
0a501de6,แลหลังฟังเพลง,สายน้ำไม่ไหลกลับ,กาญจน์ลดา มฤคพิทักษ์,audio/แลหลังฟังเพลง/สายน้ำไม่ไหลกลับ - กาญจน์ลดา มฤคพิทักษ์.mp3,0a501de6.html,false
304e7eb2,แลหลังฟังเพลง,อาลัยโดม,กาญจน์ลดา มฤคพิทักษ์,audio/แลหลังฟังเพลง/อาลัยโดม - กาญจน์ลดา มฤคพิทักษ์.mp3,304e7eb2.html,false
b228ddc5,แลหลังฟังเพลง,อำนาจเงิน,กาญจน์ลดา มฤคพิทักษ์,audio/แลหลังฟังเพลง/อำนาจเงิน - กาญจน์ลดา มฤคพิทักษ์.mp3,b228ddc5.html,false
6b275298,แลหลังฟังเพลง,เจ้าพระยา ท่าพระจันทร์,กาญจน์ลดา มฤคพิทักษ์,audio/แลหลังฟังเพลง/เจ้าพระยา ท่าพระจันทร์ - กาญจน์ลดา มฤคพิทักษ์.mp3,6b275298.html,false
25342870,แลหลังฟังเพลง,เดียวดาย,กาญจน์ลดา มฤคพิทักษ์,audio/แลหลังฟังเพลง/เดียวดาย - กาญจน์ลดา มฤคพิทักษ์.mp3,25342870.html,false
614590d9,แลหลังฟังเพลง,เธออยู่ไหน,กาญจน์ลดา มฤคพิทักษ์,audio/แลหลังฟังเพลง/เธออยู่ไหน - กาญจน์ลดา มฤคพิทักษ์.mp3,614590d9.html,false
582f8302,แลหลังฟังเพลง,เพียงคำเดียว,กาญจน์ลดา มฤคพิทักษ์,audio/แลหลังฟังเพลง/เพียงคำเดียว - กาญจน์ลดา มฤคพิทักษ์.mp3,582f8302.html,false
9d75212b,แลหลังฟังเพลง,แม่พิมพ์ของชาติ,กาญจน์ลดา มฤคพิทักษ์,audio/แลหลังฟังเพลง/แม่พิมพ์ของชาติ - กาญจน์ลดา มฤคพิทักษ์.mp3,9d75212b.html,false
4e9fa474,แลหลังฟังเพลง,แม่สาย,กาญจน์ลดา มฤคพิทักษ์,audio/แลหลังฟังเพลง/แม่สาย - กาญจน์ลดา มฤคพิทักษ์.mp3,4e9fa474.html,false
142b49e9,แลหลังฟังเพลง,แววตา,กาญจน์ลดา มฤคพิทักษ์,audio/แลหลังฟังเพลง/แววตา - กาญจน์ลดา มฤคพิทักษ์.mp3,142b49e9.html,false
7e4af53a,แลหลังฟังเพลง,โดมร่มใจ,กาญจน์ลดา มฤคพิทักษ์,audio/แลหลังฟังเพลง/โดมร่มใจ - กาญจน์ลดา มฤคพิทักษ์.mp3,7e4af53a.html,false
e9331b0d,แลหลังฟังเพลง,ไฟรักในทรวง,กาญจน์ลดา มฤคพิทักษ์,audio/แลหลังฟังเพลง/ไฟรักในทรวง - กาญจน์ลดา มฤคพิทักษ์.mp3,e9331b0d.html,false
0c77bc45,บันทึกชีวิตรักนักศึกษา,แม่พิมพ์ของชาติ,กาญจน์ลดา มฤคพิทักษ์,audio/บันทึกชีวิตรักนักศึกษา/01 แม่พิมพ์ของชาติ - กาญจน์ลดา มฤคพิทักษ์.mp3,0c77bc45.html,false
42f610ef,บันทึกชีวิตรักนักศึกษา,ชีวิตครู,กาญจน์ลดา มฤคพิทักษ์,audio/บันทึกชีวิตรักนักศึกษา/02 ชีวิตครู.mp3,42f610ef.html,false
96983f45,บันทึกชีวิตรักนักศึกษา,ถึงพี่,กาญจน์ลดา มฤคพิทักษ์,audio/บันทึกชีวิตรักนักศึกษา/03 ถึงพี่.mp3,96983f45.html,false
4db42c95,บันทึกชีวิตรักนักศึกษา,พรพรหม,กาญจน์ลดา มฤคพิทักษ์,audio/บันทึกชีวิตรักนักศึกษา/04 พรพรหม.mp3,4db42c95.html,false
3dc8426d,บันทึกชีวิตรักนักศึกษา,ปาหนัน,กาญจน์ลดา มฤคพิทักษ์,audio/บันทึกชีวิตรักนักศึกษา/05 ปาหนัน.mp3,3dc8426d.html,false
89406788,บันทึกชีวิตรักนักศึกษา,ศาสนารัก,กาญจน์ลดา มฤคพิทักษ์,audio/บันทึกชีวิตรักนักศึกษา/06 ศาสนารัก.mp3,89406788.html,false
c8690c51,บันทึกชีวิตรักนักศึกษา,สนต้องลม,กาญจน์ลดา มฤคพิทักษ์,audio/บันทึกชีวิตรักนักศึกษา/07 สนต้องลม.mp3,c8690c51.html,false
fb048559,บันทึกชีวิตรักนักศึกษา,ความรัก,กาญจน์ลดา มฤคพิทักษ์,audio/บันทึกชีวิตรักนักศึกษา/08 ความรัก.mp3,fb048559.html,false
dd859975,บันทึกชีวิตรักนักศึกษา,หลักไม้เลื้อย,กาญจน์ลดา มฤคพิทักษ์,audio/บันทึกชีวิตรักนักศึกษา/09 หลักไม้เลื้อย.mp3,dd859975.html,false
7d368f22,บันทึกชีวิตรักนักศึกษา,กว่าเราจะรักกันได้,กาญจน์ลดา มฤคพิทักษ์,audio/บันทึกชีวิตรักนักศึกษา/10 กว่าเราจะรักกันได้.mp3,7d368f22.html,false
344f51b6,บันทึกชีวิตรักนักศึกษา,รอยรักรอยมลทิน,กาญจน์ลดา มฤคพิทักษ์,audio/บันทึกชีวิตรักนักศึกษา/11 รอยรักรอยมลทิน.mp3,344f51b6.html,false
b109ad52,บันทึกชีวิตรักนักศึกษา,เดือนดารา สวลี,กาญจน์ลดา มฤคพิทักษ์,audio/บันทึกชีวิตรักนักศึกษา/12 เดือนดารา สวลี.mp3,b109ad52.html,false
73501b29,บันทึกชีวิตรักนักศึกษา,ความทรงจำ,กาญจน์ลดา มฤคพิทักษ์,audio/บันทึกชีวิตรักนักศึกษา/13 ความทรงจำ.mp3,73501b29.html,false
ba2c6550,บันทึกชีวิตรักนักศึกษา,ขอโทษ,กาญจน์ลดา มฤคพิทักษ์,audio/บันทึกชีวิตรักนักศึกษา/14 ขอโทษ.mp3,ba2c6550.html,false
eab6df32,บันทึกชีวิตรักนักศึกษา,น้ำเซาะทราย,กาญจน์ลดา มฤคพิทักษ์,audio/บันทึกชีวิตรักนักศึกษา/15 น้ำเซาะทราย.mp3,eab6df32.html,false
f1aeb8b8,บันทึกชีวิตรักนักศึกษา,วังน้ำวน,กาญจน์ลดา มฤคพิทักษ์,audio/บันทึกชีวิตรักนักศึกษา/16 วังน้ำวน.mp3,f1aeb8b8.html,false
7d8a6664,บันทึกชีวิตรักนักศึกษา,ใจรัก,กาญจน์ลดา มฤคพิทักษ์,audio/บันทึกชีวิตรักนักศึกษา/17 ใจรัก.mp3,7d8a6664.html,false
15034542,บันทึกชีวิตรักนักศึกษา,แฟนซีชีวิต,กาญจน์ลดา มฤคพิทักษ์,audio/บันทึกชีวิตรักนักศึกษา/18 แฟนซีชีวิต.mp3,15034542.html,false
6d4381e7,บันทึกชีวิตรักนักศึกษา,หนุ่มสาวเสรี,กาญจน์ลดา มฤคพิทักษ์,audio/บันทึกชีวิตรักนักศึกษา/19 หนุ่มสาวเสรี.mp3,6d4381e7.html,false
de51739b,บันทึกชีวิตรักนักศึกษา,รักในลมหนาว,กาญจน์ลดา มฤคพิทักษ์,audio/บันทึกชีวิตรักนักศึกษา/20 รักในลมหนาว.mp3,de51739b.html,false
d1b3614a,บันทึกชีวิตรักนักศึกษา,ถึงเธอ,กาญจน์ลดา มฤคพิทักษ์,audio/บันทึกชีวิตรักนักศึกษา/21 ถึงเธอ.mp3,d1b3614a.html,false
8075ab2b,บันทึกชีวิตรักนักศึกษา,รักสลาย,กาญจน์ลดา มฤคพิทักษ์,audio/บันทึกชีวิตรักนักศึกษา/22 รักสลาย.mp3,8075ab2b.html,false
7ee4fe5c,บันทึกชีวิตรักนักศึกษา,ลืมเสียเถิดอย่าคิดถึง,กาญจน์ลดา มฤคพิทักษ์,audio/บันทึกชีวิตรักนักศึกษา/23 ลืมเสียเถิดอย่าคิดถึง.mp3,7ee4fe5c.html,false
ec51d03b,บันทึกชีวิตรักนักศึกษา,ชู้ทางใจ,กาญจน์ลดา มฤคพิทักษ์,audio/บันทึกชีวิตรักนักศึกษา/24 ชู้ทางใจ.mp3,ec51d03b.html,false
0b601a78,บันทึกชีวิตรักนักศึกษา,กาลเวลา,กาญจน์ลดา มฤคพิทักษ์,audio/บันทึกชีวิตรักนักศึกษา/25 กาลเวลา.mp3,0b601a78.html,false
c536db3d,บันทึกชีวิตรักนักศึกษา,โลกหมุนเวียน,กาญจน์ลดา มฤคพิทักษ์,audio/บันทึกชีวิตรักนักศึกษา/26 โลกหมุนเวียน.mp3,c536db3d.html,false
1659babc,บันทึกชีวิตรักนักศึกษา,โอ้รัก,กาญจน์ลดา มฤคพิทักษ์,audio/บันทึกชีวิตรักนักศึกษา/27 โอ้รัก.mp3,1659babc.html,false
f6f9c868,แลหลังฟังเพลง,ช่อดอกรัก(ย้อนต้น),กาญจน์ลดา มฤคพิทักษ์,audio/แลหลังฟังเพลง/ช่อดอกรัก(ย้อนต้น) - กาญจน์ลดา มฤคพิทักษ์.mp3,f6f9c868.html,false
6605aa1c,แลหลังฟังเพลง,ถ้าวันนี้ยังมีเขาอยู่,กาญจน์ลดา มฤคพิทักษ์,audio/แลหลังฟังเพลง/ถ้าวันนี้ยังมีเขาอยู่ - กาญจน์ลดา มฤคพิทักษ์.mp3,6605aa1c.html,false
26836fe7,แลหลังฟังเพลง,ลาวชมดง,กาญจน์ลดา มฤคพิทักษ์,audio/แลหลังฟังเพลง/ลาวชมดง - กาญจน์ลดา มฤคพิทักษ์.mp3,26836fe7.html,false
e4b23b5d,แลหลังฟังเพลง,แสนเสียดาย,กาญจน์ลดา มฤคพิทักษ์,audio/แลหลังฟังเพลง/แสนเสียดาย - กาญจน์ลดา มฤคพิทักษ์.mp3,e4b23b5d.html,false
fc46195f,เพลงพระราชนิพนธ์,ความฝันอันสูงสุด,กาญจน์ลดา มฤคพิทักษ์,audio/เพลงพระราชนิพนธ์/ความฝันอันสูงสุด.mp3,fc46195f.html,false
77d87193,เพลงพระราชนิพนธ์,ชะตาชีวิต,กาญจน์ลดา มฤคพิทักษ์,audio/เพลงพระราชนิพนธ์/ชะตาชีวิต.mp3,77d87193.html,false
946883eb,เพลงพระราชนิพนธ์,ดวงใจกับความรัก,กาญจน์ลดา มฤคพิทักษ์,audio/เพลงพระราชนิพนธ์/ดวงใจกับความรัก.mp3,946883eb.html,false
e0132d5d,เพลงพระราชนิพนธ์,พรปีใหม่,กาญจน์ลดา มฤคพิทักษ์,audio/เพลงพระราชนิพนธ์/พรปีใหม่.mp3,e0132d5d.html,false
285a31dd,เพลงพระราชนิพนธ์,ยามเย็น,กาญจน์ลดา มฤคพิทักษ์,audio/เพลงพระราชนิพนธ์/ยามเย็น.mp3,285a31dd.html,false
8f68885b,เพลงพระราชนิพนธ์,ลมหนาว,กาญจน์ลดา มฤคพิทักษ์,audio/เพลงพระราชนิพนธ์/ลมหนาว.mp3,8f68885b.html,false
4067b380,เพลงพระราชนิพนธ์,สายฝน,กาญจน์ลดา มฤคพิทักษ์,audio/เพลงพระราชนิพนธ์/สายฝน.mp3,4067b380.html,false
85ff2db2,เพลงพระราชนิพนธ์,อาทิตย์อับแสง,กาญจน์ลดา มฤคพิทักษ์,audio/เพลงพระราชนิพนธ์/อาทิตย์อับแสง.mp3,85ff2db2.html,false
6230768c,เพลงพระราชนิพนธ์,แผ่นดินของเรา,กาญจน์ลดา มฤคพิทักษ์,audio/เพลงพระราชนิพนธ์/แผ่นดินของเรา.mp3,6230768c.html,false
6e7c195c,เพลงพระราชนิพนธ์,แสงเดือน,กาญจน์ลดา มฤคพิทักษ์,audio/เพลงพระราชนิพนธ์/แสงเดือน.mp3,6e7c195c.html,false
35302491,เพลงพระราชนิพนธ์,แสงเทียน,กาญจน์ลดา มฤคพิทักษ์,audio/เพลงพระราชนิพนธ์/แสงเทียน.mp3,35302491.html,false
f451fdbf,เพลงพระราชนิพนธ์,ใกล้รุ่ง,กาญจน์ลดา มฤคพิทักษ์,audio/เพลงพระราชนิพนธ์/ใกล้รุ่ง.mp3,f451fdbf.html,false
aa162d43,เพลงร้องคู่,กระต่ายโง่ ,กาญจน์ลดา มฤคพิทักษ์,audio/เพลงร้องคู่/กระต่ายโง่ .mp3,aa162d43.html,false
b1f8dfcf,เพลงร้องคู่,กระท่อมไพรวัลย์,กาญจน์ลดา มฤคพิทักษ์,audio/เพลงร้องคู่/กระท่อมไพรวัลย์.mp3,b1f8dfcf.html,false
8967a97f,เพลงร้องคู่,กุหลาบหอม-ขึ้นพลับพลา ,กาญจน์ลดา มฤคพิทักษ์,audio/เพลงร้องคู่/กุหลาบหอม-ขึ้นพลับพลา .mp3,8967a97f.html,false
0afe49e5,เพลงร้องคู่,ข้องจิต,เนื้อยาว,audio/เพลงร้องคู่/ข้องจิต  - เนื้อยาว.mp3,0afe49e5.html,false
ceb914be,เพลงร้องคู่,ข้ามันลูกทุ่ง,กาญจน์ลดา มฤคพิทักษ์,audio/เพลงร้องคู่/ข้ามันลูกทุ่ง.mp3,ceb914be.html,false
752747aa,เพลงร้องคู่,ครวญถึงเจ้า,กาญจน์ลดา มฤคพิทักษ์,audio/เพลงร้องคู่/ครวญถึงเจ้า.mp3,752747aa.html,false
86f3d9bc,เพลงร้องคู่,คุณไม่รักทำไมไม่บอก,กาญจน์ลดา มฤคพิทักษ์,audio/เพลงร้องคู่/คุณไม่รักทำไมไม่บอก.mp3,86f3d9bc.html,false
dbb1cdf6,เพลงร้องคู่,คู่เสน่หา,กาญจน์ลดา มฤคพิทักษ์,audio/เพลงร้องคู่/คู่เสน่หา.mp3,dbb1cdf6.html,false
c9e90061,เพลงร้องคู่,จนจริงไม่จนรัก,กาญจน์ลดา มฤคพิทักษ์,audio/เพลงร้องคู่/จนจริงไม่จนรัก.mp3,c9e90061.html,false
d777601b,เพลงร้องคู่,จันทร์จูบฟ้า,กาญจน์ลดา มฤคพิทักษ์,audio/เพลงร้องคู่/จันทร์จูบฟ้า.mp3,d777601b.html,false
3877cc8b,เพลงร้องคู่,ชะตาฟ้า,กาญจน์ลดา มฤคพิทักษ์,audio/เพลงร้องคู่/ชะตาฟ้า.mp3,3877cc8b.html,false
3ce91f83,เพลงร้องคู่,ชะรอยบุญ ,กาญจน์ลดา มฤคพิทักษ์,audio/เพลงร้องคู่/ชะรอยบุญ .mp3,3ce91f83.html,false
74494433,เพลงร้องคู่,ดอกไม้จะบาน,กาญจน์ลดา มฤคพิทักษ์,audio/เพลงร้องคู่/ดอกไม้จะบาน.mp3,74494433.html,false
9fce0c90,เพลงร้องคู่,ดาวประดับใจ,กาญจน์ลดา มฤคพิทักษ์,audio/เพลงร้องคู่/ดาวประดับใจ.mp3,9fce0c90.html,false
dfabbc87,เพลงร้องคู่,ทะเลบ้า วินัย,กาญจน์ลดา มฤคพิทักษ์,audio/เพลงร้องคู่/ทะเลบ้า วินัย.mp3,dfabbc87.html,false
9792602f,เพลงร้องคู่,ทุยฝันร้าย C83,กาญจน์ลดา มฤคพิทักษ์,audio/เพลงร้องคู่/ทุยฝันร้าย C83.mp3,9792602f.html,false
0ba765ec,เพลงร้องคู่,ทุยฝันร้าย,กาญจน์ลดา มฤคพิทักษ์,audio/เพลงร้องคู่/ทุยฝันร้าย.mp3,0ba765ec.html,false
cc695330,เพลงร้องคู่,นกสีชมพู-ย้อนสั้น,กาญจน์ลดา มฤคพิทักษ์,audio/เพลงร้องคู่/นกสีชมพู-ย้อนสั้น.mp3,cc695330.html,false
42ef60ef,เพลงร้องคู่,บนลานลั่นทม,กาญจน์ลดา มฤคพิทักษ์,audio/เพลงร้องคู่/บนลานลั่นทม.mp3,42ef60ef.html,false
bc5bb491,เพลงร้องคู่,บ้านเรือนเคียงกัน,กาญจน์ลดา มฤคพิทักษ์,audio/เพลงร้องคู่/บ้านเรือนเคียงกัน.mp3,bc5bb491.html,false
e920785b,เพลงร้องคู่,ปาริชาต สุนทราภรณ์,กาญจน์ลดา มฤคพิทักษ์,audio/เพลงร้องคู่/ปาริชาต สุนทราภรณ์.mp3,e920785b.html,false
798f2a21,เพลงร้องคู่,ป่านฉะนี้,กาญจน์ลดา มฤคพิทักษ์,audio/เพลงร้องคู่/ป่านฉะนี้.mp3,798f2a21.html,false
92cfb014,เพลงร้องคู่,ฝากใจฝัน(ร้องคู่),กาญจน์ลดา มฤคพิทักษ์,audio/เพลงร้องคู่/ฝากใจฝัน(ร้องคู่).mp3,92cfb014.html,false
d6c816cc,เพลงร้องคู่,พายเรือพลอดรัก,กาญจน์ลดา มฤคพิทักษ์,audio/เพลงร้องคู่/พายเรือพลอดรัก.mp3,d6c816cc.html,false
042388b5,เพลงร้องคู่,มนต์รักดอกคำใต้,กาญจน์ลดา มฤคพิทักษ์,audio/เพลงร้องคู่/มนต์รักดอกคำใต้.mp3,042388b5.html,false
606ece21,เพลงร้องคู่,มนต์รักอสูร,กาญจน์ลดา มฤคพิทักษ์,audio/เพลงร้องคู่/มนต์รักอสูร.mp3,606ece21.html,false
a8ac97d2,เพลงร้องคู่,มนต์รักเรียกหา,กาญจน์ลดา มฤคพิทักษ์,audio/เพลงร้องคู่/มนต์รักเรียกหา.mp3,a8ac97d2.html,false
d69c94d8,เพลงร้องคู่,มนต์เทวี(ร้องคู่),กาญจน์ลดา มฤคพิทักษ์,audio/เพลงร้องคู่/มนต์เทวี(ร้องคู่).mp3,d69c94d8.html,false
1ce5da31,เพลงร้องคู่,มนต์เทวี,กาญจน์ลดา มฤคพิทักษ์,audio/เพลงร้องคู่/มนต์เทวี.mp3,1ce5da31.html,false
23e76a06,เพลงร้องคู่,ม่านมงคล,กาญจน์ลดา มฤคพิทักษ์,audio/เพลงร้องคู่/ม่านมงคล.mp3,23e76a06.html,false
47f68a11,เพลงร้องคู่,ยอดเทพี-2,กาญจน์ลดา มฤคพิทักษ์,audio/เพลงร้องคู่/ยอดเทพี-2.mp3,47f68a11.html,false
26d8f8d3,เพลงร้องคู่,ยอดเทพี,กาญจน์ลดา มฤคพิทักษ์,audio/เพลงร้องคู่/ยอดเทพี.mp3,26d8f8d3.html,false
02e959db,เพลงร้องคู่,ระทมในลั่นทม,รวงทอง,audio/เพลงร้องคู่/ระทมในลั่นทม - รวงทอง.mp3,02e959db.html,false
065e97f1,เพลงร้องคู่,รักจริงไหม,กาญจน์ลดา มฤคพิทักษ์,audio/เพลงร้องคู่/รักจริงไหม.mp3,065e97f1.html,false
4cd8992b,เพลงร้องคู่,รักเธอเสมอ,กาญจน์ลดา มฤคพิทักษ์,audio/เพลงร้องคู่/รักเธอเสมอ.mp3,4cd8992b.html,false
506eb779,เพลงร้องคู่,ราตรี,กาญจน์ลดา มฤคพิทักษ์,audio/เพลงร้องคู่/ราตรี.mp3,506eb779.html,false
e652b5c0,เพลงร้องคู่,ราตรีประดับดาว-2,กาญจน์ลดา มฤคพิทักษ์,audio/เพลงร้องคู่/ราตรีประดับดาว-2.mp3,e652b5c0.html,false
636f993b,เพลงร้องคู่,ราตรีประดับดาว,กาญจน์ลดา มฤคพิทักษ์,audio/เพลงร้องคู่/ราตรีประดับดาว.mp3,636f993b.html,false
177d3145,เพลงร้องคู่,ราตรีสิ้นดาว,กาญจน์ลดา มฤคพิทักษ์,audio/เพลงร้องคู่/ราตรีสิ้นดาว.mp3,177d3145.html,false
a9fddaf8,เพลงร้องคู่,ลองรัก,กาญจน์ลดา มฤคพิทักษ์,audio/เพลงร้องคู่/ลองรัก.mp3,a9fddaf8.html,false
5c19368e,เพลงร้องคู่,สนต้องลม,กาญจน์ลดา มฤคพิทักษ์,audio/เพลงร้องคู่/สนต้องลม.mp3,5c19368e.html,false
17f0c241,เพลงร้องคู่,สมมุติว่าเขารัก,กาญจน์ลดา มฤคพิทักษ์,audio/เพลงร้องคู่/สมมุติว่าเขารัก.mp3,17f0c241.html,false
332cee02,เพลงร้องคู่,สายลมเหนือ,กาญจน์ลดา มฤคพิทักษ์,audio/เพลงร้องคู่/สายลมเหนือ.mp3,332cee02.html,false
8b95ebb0,เพลงร้องคู่,สายัณห์รัญจวน,กาญจน์ลดา มฤคพิทักษ์,audio/เพลงร้องคู่/สายัณห์รัญจวน.mp3,8b95ebb0.html,false
b236b481,เพลงร้องคู่,สุริยะจันทร์,กาญจน์ลดา มฤคพิทักษ์,audio/เพลงร้องคู่/สุริยะจันทร์.mp3,b236b481.html,false
81953f8f,เพลงร้องคู่,หนึ่งมิตรชิดใกล้,กาญจน์ลดา มฤคพิทักษ์,audio/เพลงร้องคู่/หนึ่งมิตรชิดใกล้.mp3,81953f8f.html,false
320932d2,เพลงร้องคู่,หนึ่งในร้อย,กาญจน์ลดา มฤคพิทักษ์,audio/เพลงร้องคู่/หนึ่งในร้อย.mp3,320932d2.html,false
fcaa1b61,เพลงร้องคู่,หยาดรุ้ง,กาญจน์ลดา มฤคพิทักษ์,audio/เพลงร้องคู่/หยาดรุ้ง.mp3,fcaa1b61.html,false
dfb528f3,เพลงร้องคู่,หวานรัก(ร้องคู่),กาญจน์ลดา มฤคพิทักษ์,audio/เพลงร้องคู่/หวานรัก(ร้องคู่).mp3,dfb528f3.html,false
37cce48f,เพลงร้องคู่,อธิฐานรัก,กาญจน์ลดา มฤคพิทักษ์,audio/เพลงร้องคู่/อธิฐานรัก.mp3,37cce48f.html,false
1fff0290,เพลงร้องคู่,อยากฟังซ้ำ,กาญจน์ลดา มฤคพิทักษ์,audio/เพลงร้องคู่/อยากฟังซ้ำ.mp3,1fff0290.html,false
6300ef1c,เพลงร้องคู่,เคียงเรียม,กาญจน์ลดา มฤคพิทักษ์,audio/เพลงร้องคู่/เคียงเรียม.mp3,6300ef1c.html,false
df7bb170,เพลงร้องคู่,เซียมซีเสี่ยงรัก,กาญจน์ลดา มฤคพิทักษ์,audio/เพลงร้องคู่/เซียมซีเสี่ยงรัก.mp3,df7bb170.html,false
bdb73ca0,เพลงร้องคู่,เพลินเพลงแมมโบ้,กาญจน์ลดา มฤคพิทักษ์,audio/เพลงร้องคู่/เพลินเพลงแมมโบ้.mp3,bdb73ca0.html,false
4550831d,เพลงร้องคู่,เพียงคำเดียว,กาญจน์ลดา มฤคพิทักษ์,audio/เพลงร้องคู่/เพียงคำเดียว.mp3,4550831d.html,false
9889174e,เพลงร้องคู่,เพ้อ,กาญจน์ลดา มฤคพิทักษ์,audio/เพลงร้องคู่/เพ้อ.mp3,9889174e.html,false
f9742be4,เพลงร้องคู่,แม่ยอดรัก-พ่อยอดรัก,กาญจน์ลดา มฤคพิทักษ์,audio/เพลงร้องคู่/แม่ยอดรัก-พ่อยอดรัก.mp3,f9742be4.html,false
03561fdd,เพลงร้องคู่,โอ้ยอดรัก,กาญจน์ลดา มฤคพิทักษ์,audio/เพลงร้องคู่/โอ้ยอดรัก.mp3,03561fdd.html,false
ddaa76e1,เพลงร้องคู่,ใต้ แสง เทียน,กาญจน์ลดา มฤคพิทักษ์,audio/เพลงร้องคู่/ใต้ แสง เทียน.mp3,ddaa76e1.html,false
d312a456,เพลงร้องคู่,ใต้เงาเทียน ทนงศักดิ์-นง,กาญจน์ลดา มฤคพิทักษ์,audio/เพลงร้องคู่/ใต้เงาเทียน ทนงศักดิ์-นง.mp3,d312a456.html,false
d4805e27,เพลงร้องคู่,ในโลกแห่งความฝัน,กาญจน์ลดา มฤคพิทักษ์,audio/เพลงร้องคู่/ในโลกแห่งความฝัน.mp3,d4805e27.html,false
ea7e83de,เพลงร้องคู่,ใบไม้ร่วง,กาญจน์ลดา มฤคพิทักษ์,audio/เพลงร้องคู่/ใบไม้ร่วง.mp3,ea7e83de.html,false
593d3014,เพลงร้องคู่,ລາວດວງເດືອນ,กาญจน์ลดา มฤคพิทักษ์,audio/เพลงร้องคู่/ລາວດວງເດືອນ.mp3,593d3014.html,false
b34ffd75,Karnlada Music,กว่าจะรักกันได้(ร้องคู่),กาญจน์ลดา มฤคพิทักษ์,audio/Karnlada Music/กว่าจะรักกันได้(ร้องคู่).mp3,b34ffd75.html,false
fd1ce114,Karnlada Music,กุหลาบสีแดง-2,กาญจน์ลดา มฤคพิทักษ์,audio/Karnlada Music/กุหลาบสีแดง-2.mp3,fd1ce114.html,false
ab37fa6d,Karnlada Music,กุหลาบสีแดง-3,กาญจน์ลดา มฤคพิทักษ์,audio/Karnlada Music/กุหลาบสีแดง-3.mp3,ab37fa6d.html,false
92cfc1b2,Karnlada Music,กุหลาบสีแดง,กาญจน์ลดา มฤคพิทักษ์,audio/Karnlada Music/กุหลาบสีแดง.mp3,92cfc1b2.html,false
e3690cf5,Karnlada Music,ครวญรัก,กาญจน์ลดา มฤคพิทักษ์,audio/Karnlada Music/ครวญรัก.mp3,e3690cf5.html,false
f37696e9,Karnlada Music,ความฝันอันสูงสุด,กาญจน์ลดา มฤคพิทักษ์,audio/Karnlada Music/ความฝันอันสูงสุด.mp3,f37696e9.html,false
2b2d9625,Karnlada Music,ความหวัง,กาญจน์ลดา มฤคพิทักษ์,audio/Karnlada Music/ความหวัง.mp3,2b2d9625.html,false
b5d9bdda,Karnlada Music,คืนรัง,กาญจน์ลดา มฤคพิทักษ์,audio/Karnlada Music/คืนรัง.mp3,b5d9bdda.html,false
086b45af,Karnlada Music,ช่อดอกรัก(ย้อนต้น),กาญจน์ลดา มฤคพิทักษ์,audio/Karnlada Music/ช่อดอกรัก(ย้อนต้น).mp3,086b45af.html,false
d1f51a84,Karnlada Music,ธงชาติไทย Version กองทัพเรือ,กาญจน์ลดา มฤคพิทักษ์,audio/Karnlada Music/ธงชาติไทย Version กองทัพเรือ.mp3,d1f51a84.html,false
691a0573,Karnlada Music,ธรณีกรรแสง,กาญจน์ลดา มฤคพิทักษ์,audio/Karnlada Music/ธรณีกรรแสง.mp3,691a0573.html,false
9e0444e3,Karnlada Music,ฝนตั้งเค้า,กาญจน์ลดา มฤคพิทักษ์,audio/Karnlada Music/ฝนตั้งเค้า.mp3,9e0444e3.html,false
ce3821e1,Karnlada Music,ภูกระดึง มัณฑนา,กาญจน์ลดา มฤคพิทักษ์,audio/Karnlada Music/ภูกระดึง มัณฑนา.mp3,ce3821e1.html,false
47999d30,Karnlada Music,มอญดูดาว,กาญจน์ลดา มฤคพิทักษ์,audio/Karnlada Music/มอญดูดาว.mp3,47999d30.html,false
9dd299bd,Karnlada Music,รักที่อยากลืม-2,กาญจน์ลดา มฤคพิทักษ์,audio/Karnlada Music/รักที่อยากลืม-2.mp3,9dd299bd.html,false
7c750147,Karnlada Music,รักที่อยากลืม,กาญจน์ลดา มฤคพิทักษ์,audio/Karnlada Music/รักที่อยากลืม.mp3,7c750147.html,false
2d9f3344,Karnlada Music,รักที่เลือกไม่ได้,กาญจน์ลดา มฤคพิทักษ์,audio/Karnlada Music/รักที่เลือกไม่ได้.mp3,2d9f3344.html,false
83e85d27,Karnlada Music,ลาวชมดง,กาญจน์ลดา มฤคพิทักษ์,audio/Karnlada Music/ลาวชมดง.mp3,83e85d27.html,false
4685dfa7,Karnlada Music,ลาวดวงเดือน,กาญจน์ลดา มฤคพิทักษ์,audio/Karnlada Music/ลาวดวงเดือน.mp3,4685dfa7.html,false
05157d9d,Karnlada Music,ลาวลำปางใหญ่-2,กาญจน์ลดา มฤคพิทักษ์,audio/Karnlada Music/ลาวลำปางใหญ่-2.mp3,05157d9d.html,false
5738bbfa,Karnlada Music,ลาวลำปางใหญ่,กาญจน์ลดา มฤคพิทักษ์,audio/Karnlada Music/ลาวลำปางใหญ่.mp3,5738bbfa.html,false
dda71f5e,Karnlada Music,ลาวเจริญศรี-2,กาญจน์ลดา มฤคพิทักษ์,audio/Karnlada Music/ลาวเจริญศรี-2.mp3,dda71f5e.html,false
4016e88e,Karnlada Music,ลาวเจริญศรี,กาญจน์ลดา มฤคพิทักษ์,audio/Karnlada Music/ลาวเจริญศรี.mp3,4016e88e.html,false
11542d94,Karnlada Music,สนต้องลม-2,กาญจน์ลดา มฤคพิทักษ์,audio/Karnlada Music/สนต้องลม-2.mp3,11542d94.html,false
5ba6e3c6,Karnlada Music,สนต้องลม,กาญจน์ลดา มฤคพิทักษ์,audio/Karnlada Music/สนต้องลม.mp3,5ba6e3c6.html,false
3399e6f1,Karnlada Music,หนึ่งกำลังใจ,กาญจน์ลดา มฤคพิทักษ์,audio/Karnlada Music/หนึ่งกำลังใจ.mp3,3399e6f1.html,false
2cc19c7b,Karnlada Music,อสงไขย,กาญจน์ลดา มฤคพิทักษ์,audio/Karnlada Music/อสงไขย.mp3,2cc19c7b.html,false
a9424d1b,Karnlada Music,เดือนเพ็ญ,กาญจน์ลดา มฤคพิทักษ์,audio/Karnlada Music/เดือนเพ็ญ.mp3,a9424d1b.html,false
64880787,Karnlada Music,แขกต่อยหม้อ พูลศรี,กาญจน์ลดา มฤคพิทักษ์,audio/Karnlada Music/แขกต่อยหม้อ พูลศรี.mp3,64880787.html,false
d55c2675,Karnlada Music,แสงดาวแห่งศรัทธา-2,กาญจน์ลดา มฤคพิทักษ์,audio/Karnlada Music/แสงดาวแห่งศรัทธา-2.mp3,d55c2675.html,false
e1fef1aa,Karnlada Music,แสงดาวแห่งศรัทธา,กาญจน์ลดา มฤคพิทักษ์,audio/Karnlada Music/แสงดาวแห่งศรัทธา.mp3,e1fef1aa.html,false
94c23b9f,Karnlada Music,ในโลกกว้าง,กาญจน์ลดา มฤคพิทักษ์,audio/Karnlada Music/ในโลกกว้าง.mp3,94c23b9f.html,false
bb7c5f54,เพลงร้องคู่,กระท่อมไพรวัลย์-2,กาญจน์ลดา มฤคพิทักษ์,audio/เพลงร้องคู่/กระท่อมไพรวัลย์-2.mp3,bb7c5f54.html,false
1b001706,เพลงร้องคู่,กระท่อมไพรวัลย์-3,กาญจน์ลดา มฤคพิทักษ์,audio/เพลงร้องคู่/กระท่อมไพรวัลย์-3.mp3,1b001706.html,false
60ff9e08,เพลงร้องคู่,ขวัญใจเจ้าทุย,กาญจน์ลดา มฤคพิทักษ์,audio/เพลงร้องคู่/ขวัญใจเจ้าทุย.mp3,60ff9e08.html,false
fe76c93e,เพลงร้องคู่,ขอเพียงแต่เห็น วินัย,กาญจน์ลดา มฤคพิทักษ์,audio/เพลงร้องคู่/ขอเพียงแต่เห็น วินัย.mp3,fe76c93e.html,false
6560d7c3,เพลงร้องคู่,ขอโทษ-ยกโทษ,กาญจน์ลดา มฤคพิทักษ์,audio/เพลงร้องคู่/ขอโทษ-ยกโทษ.mp3,6560d7c3.html,false
8e25bcb5,เพลงร้องคู่,ขอให้เหมือนเดิม,กาญจน์ลดา มฤคพิทักษ์,audio/เพลงร้องคู่/ขอให้เหมือนเดิม.mp3,8e25bcb5.html,false
e20886e6,เพลงร้องคู่,คนดีไม่มีวันตาย,กาญจน์ลดา มฤคพิทักษ์,audio/เพลงร้องคู่/คนดีไม่มีวันตาย.mp3,e20886e6.html,false
b580735f,เพลงร้องคู่,คอยพี่(ร้องคู่),กาญจน์ลดา มฤคพิทักษ์,audio/เพลงร้องคู่/คอยพี่(ร้องคู่).mp3,b580735f.html,false
9c2b5181,เพลงร้องคู่,คืนรัง,กาญจน์ลดา มฤคพิทักษ์,audio/เพลงร้องคู่/คืนรัง.mp3,9c2b5181.html,false
1d55c15d,เพลงร้องคู่,คือหัตถาครองพิภพ(AI Version),กาญจน์ลดา มฤคพิทักษ์,audio/เพลงร้องคู่/คือหัตถาครองพิภพ(AI Version).mp3,1d55c15d.html,false
a02fa097,เพลงร้องคู่,คุณไม่รักทำไมไม่บอก-2,กาญจน์ลดา มฤคพิทักษ์,audio/เพลงร้องคู่/คุณไม่รักทำไมไม่บอก-2.mp3,a02fa097.html,false
8aff003b,เพลงร้องคู่,จะคอยขวัญใจ,กาญจน์ลดา มฤคพิทักษ์,audio/เพลงร้องคู่/จะคอยขวัญใจ.mp3,8aff003b.html,false
be83088b,เพลงร้องคู่,จำได้ไหม(ร้องคู่),กาญจน์ลดา มฤคพิทักษ์,audio/เพลงร้องคู่/จำได้ไหม(ร้องคู่).mp3,be83088b.html,false
1a8fd839,เพลงร้องคู่,จำได้ไหม,กาญจน์ลดา มฤคพิทักษ์,audio/เพลงร้องคู่/จำได้ไหม.mp3,1a8fd839.html,false
a03d83d5,เพลงร้องคู่,ดวงเดือนดวงใจ,กาญจน์ลดา มฤคพิทักษ์,audio/เพลงร้องคู่/ดวงเดือนดวงใจ.mp3,a03d83d5.html,false
24125d24,เพลงร้องคู่,นกเขาคูรัก(ย้อนต้น),กาญจน์ลดา มฤคพิทักษ์,audio/เพลงร้องคู่/นกเขาคูรัก(ย้อนต้น).mp3,24125d24.html,false
7a24affc,เพลงร้องคู่,นกเขาไพร,กาญจน์ลดา มฤคพิทักษ์,audio/เพลงร้องคู่/นกเขาไพร.mp3,7a24affc.html,false
e48ad088,เพลงร้องคู่,น้ำตาลาไทร,กาญจน์ลดา มฤคพิทักษ์,audio/เพลงร้องคู่/น้ำตาลาไทร.mp3,e48ad088.html,false
34e41b70,เพลงร้องคู่,บัวแล้งน้ำ,กาญจน์ลดา มฤคพิทักษ์,audio/เพลงร้องคู่/บัวแล้งน้ำ.mp3,34e41b70.html,false
5b3209a3,เพลงร้องคู่,ป่านฉะนี้-2,กาญจน์ลดา มฤคพิทักษ์,audio/เพลงร้องคู่/ป่านฉะนี้-2.mp3,5b3209a3.html,false
dd18dbfc,เพลงร้องคู่,ฝันกลางฤดูฝน,กาญจน์ลดา มฤคพิทักษ์,audio/เพลงร้องคู่/ฝันกลางฤดูฝน.mp3,dd18dbfc.html,false
d55a0a17,เพลงร้องคู่,ฝั่งหัวใจ,กาญจน์ลดา มฤคพิทักษ์,audio/เพลงร้องคู่/ฝั่งหัวใจ.mp3,d55a0a17.html,false
9313b4fb,เพลงร้องคู่,ฝากเพลงถึงเธอ,กาญจน์ลดา มฤคพิทักษ์,audio/เพลงร้องคู่/ฝากเพลงถึงเธอ.mp3,9313b4fb.html,false
68b47197,เพลงร้องคู่,พะวงรัก,กาญจน์ลดา มฤคพิทักษ์,audio/เพลงร้องคู่/พะวงรัก.mp3,68b47197.html,false
4fe48b91,เพลงร้องคู่,พายเรือพลอดรัก-2,กาญจน์ลดา มฤคพิทักษ์,audio/เพลงร้องคู่/พายเรือพลอดรัก-2.mp3,4fe48b91.html,false
858cfe70,เพลงร้องคู่,พี่รักจริง(No Melody),กาญจน์ลดา มฤคพิทักษ์,audio/เพลงร้องคู่/พี่รักจริง(No Melody).mp3,858cfe70.html,false
ff9be62a,เพลงร้องคู่,มวลดอกไม้ สุวรรณา,กาญจน์ลดา มฤคพิทักษ์,audio/เพลงร้องคู่/มวลดอกไม้ สุวรรณา.mp3,ff9be62a.html,false
cd491f1f,เพลงร้องคู่,มาลีไร้ค่า,กาญจน์ลดา มฤคพิทักษ์,audio/เพลงร้องคู่/มาลีไร้ค่า.mp3,cd491f1f.html,false
c7b2b1f5,เพลงร้องคู่,ม่านมงคล-2,กาญจน์ลดา มฤคพิทักษ์,audio/เพลงร้องคู่/ม่านมงคล-2.mp3,c7b2b1f5.html,false
5440b2d6,เพลงร้องคู่,ม่านไทรย้อย,กาญจน์ลดา มฤคพิทักษ์,audio/เพลงร้องคู่/ม่านไทรย้อย.mp3,5440b2d6.html,false
517d1975,เพลงร้องคู่,รอยเท้าบนพื้นทราย,กาญจน์ลดา มฤคพิทักษ์,audio/เพลงร้องคู่/รอยเท้าบนพื้นทราย.mp3,517d1975.html,false
1108c940,เพลงร้องคู่,รักจากใจ,กาญจน์ลดา มฤคพิทักษ์,audio/เพลงร้องคู่/รักจากใจ.mp3,1108c940.html,false
e45b15d0,เพลงร้องคู่,รักปักใจ,กาญจน์ลดา มฤคพิทักษ์,audio/เพลงร้องคู่/รักปักใจ.mp3,e45b15d0.html,false
4627f8fe,เพลงร้องคู่,รักเธอเสมอ-2,กาญจน์ลดา มฤคพิทักษ์,audio/เพลงร้องคู่/รักเธอเสมอ-2.mp3,4627f8fe.html,false
80618043,เพลงร้องคู่,รักในยามยาก,กาญจน์ลดา มฤคพิทักษ์,audio/เพลงร้องคู่/รักในยามยาก.mp3,80618043.html,false
c81e0904,เพลงร้องคู่,รักในลมหนาว ,กาญจน์ลดา มฤคพิทักษ์,audio/เพลงร้องคู่/รักในลมหนาว .mp3,c81e0904.html,false
db40fba6,เพลงร้องคู่,รัตติกาล,กาญจน์ลดา มฤคพิทักษ์,audio/เพลงร้องคู่/รัตติกาล.mp3,db40fba6.html,false
9b5bd72b,เพลงร้องคู่,ราตรี-2,กาญจน์ลดา มฤคพิทักษ์,audio/เพลงร้องคู่/ราตรี-2.mp3,9b5bd72b.html,false
9fac36c3,เพลงร้องคู่,ริมฝั่งน้ำ,กาญจน์ลดา มฤคพิทักษ์,audio/เพลงร้องคู่/ริมฝั่งน้ำ.mp3,9fac36c3.html,false
ea7c4b30,เพลงร้องคู่,รู้ว่าเขาหลอก,กาญจน์ลดา มฤคพิทักษ์,audio/เพลงร้องคู่/รู้ว่าเขาหลอก.mp3,ea7c4b30.html,false
0da0d239,เพลงร้องคู่,ศกุนตลา,กาญจน์ลดา มฤคพิทักษ์,audio/เพลงร้องคู่/ศกุนตลา.mp3,0da0d239.html,false
45bf6abc,เพลงร้องคู่,สมมุติว่าเขารัก-2,กาญจน์ลดา มฤคพิทักษ์,audio/เพลงร้องคู่/สมมุติว่าเขารัก-2.mp3,45bf6abc.html,false
7c58d149,เพลงร้องคู่,สามหัวใจ,กาญจน์ลดา มฤคพิทักษ์,audio/เพลงร้องคู่/สามหัวใจ.mp3,7c58d149.html,false
505db395,เพลงร้องคู่,สายลมเย็น (สุนทราภรณ์),กาญจน์ลดา มฤคพิทักษ์,audio/เพลงร้องคู่/สายลมเย็น (สุนทราภรณ์).mp3,505db395.html,false
8261a48e,เพลงร้องคู่,หงส์กับกา วินัย-รวงทอง,กาญจน์ลดา มฤคพิทักษ์,audio/เพลงร้องคู่/หงส์กับกา วินัย-รวงทอง.mp3,8261a48e.html,false
2a4586ec,เพลงร้องคู่,หนาวเนื้อ-หนาวนวล,กาญจน์ลดา มฤคพิทักษ์,audio/เพลงร้องคู่/หนาวเนื้อ-หนาวนวล.mp3,2a4586ec.html,false
a41bb919,เพลงร้องคู่,หยาดน้ำฝนหยดน้ำตา,กาญจน์ลดา มฤคพิทักษ์,audio/เพลงร้องคู่/หยาดน้ำฝนหยดน้ำตา.mp3,a41bb919.html,false
83bdc438,เพลงร้องคู่,เสียงกระซิบจากเกลียวคลื่น,กาญจน์ลดา มฤคพิทักษ์,audio/เพลงร้องคู่/เสียงกระซิบจากเกลียวคลื่น.mp3,83bdc438.html,false
6a27f3a5,เพลงร้องคู่,แดนมธุรส,กาญจน์ลดา มฤคพิทักษ์,audio/เพลงร้องคู่/แดนมธุรส.mp3,6a27f3a5.html,false
7efac8c6,เพลงร้องคู่,แรกเจอ,กาญจน์ลดา มฤคพิทักษ์,audio/เพลงร้องคู่/แรกเจอ.mp3,7efac8c6.html,false
f5040c7a,เพลงร้องคู่,โกรธฉันหรือเปล่า(ร้องคู่),กาญจน์ลดา มฤคพิทักษ์,audio/เพลงร้องคู่/โกรธฉันหรือเปล่า(ร้องคู่).mp3,f5040c7a.html,false
8dd3b9e0,เพลงร้องคู่,ไฟรัก,กาญจน์ลดา มฤคพิทักษ์,audio/เพลงร้องคู่/ไฟรัก.mp3,8dd3b9e0.html,false
1d58a7fa,เพลงร้องคู่,ไม่อยากจากเธอ ,กาญจน์ลดา มฤคพิทักษ์,audio/เพลงร้องคู่/ไม่อยากจากเธอ .mp3,1d58a7fa.html,false
90fee1f1,เพลงเดี่ยว,กระท่อมไพรวัลย์,กาญจน์ลดา มฤคพิทักษ์,audio/เพลงเดี่ยว/กระท่อมไพรวัลย์.mp3,90fee1f1.html,false
7a55d41e,เพลงเดี่ยว,กลิ่นราตรี,กาญจน์ลดา มฤคพิทักษ์,audio/เพลงเดี่ยว/กลิ่นราตรี.mp3,7a55d41e.html,false
55f79282,เพลงเดี่ยว,กลิ่นแก้ว,กาญจน์ลดา มฤคพิทักษ์,audio/เพลงเดี่ยว/กลิ่นแก้ว.mp3,55f79282.html,false
69217cb3,เพลงเดี่ยว,กลิ่นโคลนสาบควาย-2,กาญจน์ลดา มฤคพิทักษ์,audio/เพลงเดี่ยว/กลิ่นโคลนสาบควาย-2.mp3,69217cb3.html,false
24edf097,เพลงเดี่ยว,กลิ่นโคลนสาบควาย-3,กาญจน์ลดา มฤคพิทักษ์,audio/เพลงเดี่ยว/กลิ่นโคลนสาบควาย-3.mp3,24edf097.html,false
f1590a9f,เพลงเดี่ยว,กลิ่นโคลนสาบควาย,กาญจน์ลดา มฤคพิทักษ์,audio/เพลงเดี่ยว/กลิ่นโคลนสาบควาย.mp3,f1590a9f.html,false
dd0d7e12,เพลงเดี่ยว,กอดหมอนนอนหนาว,กาญจน์ลดา มฤคพิทักษ์,audio/เพลงเดี่ยว/กอดหมอนนอนหนาว.mp3,dd0d7e12.html,false
f0a745e3,เพลงเดี่ยว,กินข้าวกับน้ำพริก-2,กาญจน์ลดา มฤคพิทักษ์,audio/เพลงเดี่ยว/กินข้าวกับน้ำพริก-2.mp3,f0a745e3.html,false
b3830209,เพลงเดี่ยว,กินข้าวกับน้ำพริก,กาญจน์ลดา มฤคพิทักษ์,audio/เพลงเดี่ยว/กินข้าวกับน้ำพริก.mp3,b3830209.html,false
b4eb6320,เพลงเดี่ยว,กุลสตรี,กาญจน์ลดา มฤคพิทักษ์,audio/เพลงเดี่ยว/กุลสตรี.mp3,b4eb6320.html,false
b91bdbc5,เพลงเดี่ยว,ขวัญโดม,กาญจน์ลดา มฤคพิทักษ์,audio/เพลงเดี่ยว/ขวัญโดม.mp3,b91bdbc5.html,false
8e3e5001,เพลงเดี่ยว,ขอโทษ-2,กาญจน์ลดา มฤคพิทักษ์,audio/เพลงเดี่ยว/ขอโทษ-2.mp3,8e3e5001.html,false
467f68d3,เพลงเดี่ยว,ขอโทษ,กาญจน์ลดา มฤคพิทักษ์,audio/เพลงเดี่ยว/ขอโทษ.mp3,467f68d3.html,false
c9c952bc,เพลงเดี่ยว,ขอให้ได้ดังใจนึก,กาญจน์ลดา มฤคพิทักษ์,audio/เพลงเดี่ยว/ขอให้ได้ดังใจนึก.mp3,c9c952bc.html,false
8445f6c7,เพลงเดี่ยว,ขุ่นลำโขง,กาญจน์ลดา มฤคพิทักษ์,audio/เพลงเดี่ยว/ขุ่นลำโขง.mp3,8445f6c7.html,false
27e7459a,เพลงเดี่ยว,คนล้มอย่าข้าม,กาญจน์ลดา มฤคพิทักษ์,audio/เพลงเดี่ยว/คนล้มอย่าข้าม.mp3,27e7459a.html,false
cce2e418,เพลงเดี่ยว,คนเรารักกันยาก(Live),กาญจน์ลดา มฤคพิทักษ์,audio/เพลงเดี่ยว/คนเรารักกันยาก(Live).mp3,cce2e418.html,false
ecb2330d,เพลงเดี่ยว,ครวญรัก,กาญจน์ลดา มฤคพิทักษ์,audio/เพลงเดี่ยว/ครวญรัก.mp3,ecb2330d.html,false
ac4e7059,เพลงเดี่ยว,ความฝันอันสูงสุด,กาญจน์ลดา มฤคพิทักษ์,audio/เพลงเดี่ยว/ความฝันอันสูงสุด.mp3,ac4e7059.html,false
abda120b,เพลงเดี่ยว,ความรักเจ้าขา,กาญจน์ลดา มฤคพิทักษ์,audio/เพลงเดี่ยว/ความรักเจ้าขา.mp3,abda120b.html,false
7d2198c8,เพลงเดี่ยว,ความในใจ,กาญจน์ลดา มฤคพิทักษ์,audio/เพลงเดี่ยว/ความในใจ.mp3,7d2198c8.html,false
c2f473f3,เพลงเดี่ยว,คิดถึง,กาญจน์ลดา มฤคพิทักษ์,audio/เพลงเดี่ยว/คิดถึง.mp3,c2f473f3.html,false
4ce7bdc2,เพลงเดี่ยว,คืนรัง,กาญจน์ลดา มฤคพิทักษ์,audio/เพลงเดี่ยว/คืนรัง.mp3,4ce7bdc2.html,false
f686b598,เพลงเดี่ยว,คือหัตถาครองพิภพ,กาญจน์ลดา มฤคพิทักษ์,audio/เพลงเดี่ยว/คือหัตถาครองพิภพ.mp3,f686b598.html,false
ff5a49c0,เพลงเดี่ยว,คู่กรรม,กาญจน์ลดา มฤคพิทักษ์,audio/เพลงเดี่ยว/คู่กรรม.mp3,ff5a49c0.html,false
89a3487e,เพลงเดี่ยว,ค่าน้ำนม,กาญจน์ลดา มฤคพิทักษ์,audio/เพลงเดี่ยว/ค่าน้ำนม.mp3,89a3487e.html,false
3299b030,เพลงเดี่ยว,จากรัก,กาญจน์ลดา มฤคพิทักษ์,audio/เพลงเดี่ยว/จากรัก.mp3,3299b030.html,false
60b25e12,เพลงเดี่ยว,ชีวามาลา,กาญจน์ลดา มฤคพิทักษ์,audio/เพลงเดี่ยว/ชีวามาลา.mp3,60b25e12.html,false
cfa32b5a,เพลงเดี่ยว,ชีวิตบ้านนา,กาญจน์ลดา มฤคพิทักษ์,audio/เพลงเดี่ยว/ชีวิตบ้านนา.mp3,cfa32b5a.html,false
80328abd,เพลงเดี่ยว,ดวงจำปา-2,กาญจน์ลดา มฤคพิทักษ์,audio/เพลงเดี่ยว/ดวงจำปา-2.mp3,80328abd.html,false
dd1c39f5,เพลงเดี่ยว,ดวงจำปา,กาญจน์ลดา มฤคพิทักษ์,audio/เพลงเดี่ยว/ดวงจำปา.mp3,dd1c39f5.html,false
796aea55,เพลงเดี่ยว,ดอกนกยูง,กาญจน์ลดา มฤคพิทักษ์,audio/เพลงเดี่ยว/ดอกนกยูง.mp3,796aea55.html,false
e2332c9d,เพลงเดี่ยว,ดอกไม้จะบาน,กาญจน์ลดา มฤคพิทักษ์,audio/เพลงเดี่ยว/ดอกไม้จะบาน.mp3,e2332c9d.html,false
0d112ad9,เพลงเดี่ยว,ถิ่นไทยงาม,กาญจน์ลดา มฤคพิทักษ์,audio/เพลงเดี่ยว/ถิ่นไทยงาม.mp3,0d112ad9.html,false
9de1705b,เพลงเดี่ยว,ทะเลชีวิต จิตร ภูมิศักดิ์,กาญจน์ลดา มฤคพิทักษ์,audio/เพลงเดี่ยว/ทะเลชีวิต จิตร ภูมิศักดิ์.mp3,9de1705b.html,false
56047246,เพลงเดี่ยว,ทะเลระทม,กาญจน์ลดา มฤคพิทักษ์,audio/เพลงเดี่ยว/ทะเลระทม.mp3,56047246.html,false
677510ae,เพลงเดี่ยว,ท่าน้ำ,กาญจน์ลดา มฤคพิทักษ์,audio/เพลงเดี่ยว/ท่าน้ำ.mp3,677510ae.html,false
2aaee0c0,เพลงเดี่ยว,ท้องนา,กาญจน์ลดา มฤคพิทักษ์,audio/เพลงเดี่ยว/ท้องนา.mp3,2aaee0c0.html,false
722255b3,เพลงเดี่ยว,ธรณีกรรแสง,กาญจน์ลดา มฤคพิทักษ์,audio/เพลงเดี่ยว/ธรณีกรรแสง.mp3,722255b3.html,false
d014a814,เพลงเดี่ยว,ธาราระทม,กาญจน์ลดา มฤคพิทักษ์,audio/เพลงเดี่ยว/ธาราระทม.mp3,d014a814.html,false
afab443e,เพลงเดี่ยว,น้อยใจยา,กาญจน์ลดา มฤคพิทักษ์,audio/เพลงเดี่ยว/น้อยใจยา.mp3,afab443e.html,false
bd02fe4a,เพลงเดี่ยว,น้อยใจรัก,กาญจน์ลดา มฤคพิทักษ์,audio/เพลงเดี่ยว/น้อยใจรัก.mp3,bd02fe4a.html,false
7ef5a9c9,เพลงเดี่ยว,น้อยไปอีกหรือ,กาญจน์ลดา มฤคพิทักษ์,audio/เพลงเดี่ยว/น้อยไปอีกหรือ.mp3,7ef5a9c9.html,false
fd6fe334,เพลงเดี่ยว,น้ำตาดาว-2,กาญจน์ลดา มฤคพิทักษ์,audio/เพลงเดี่ยว/น้ำตาดาว-2.mp3,fd6fe334.html,false
0b4767dd,เพลงเดี่ยว,น้ำตาดาว,กาญจน์ลดา มฤคพิทักษ์,audio/เพลงเดี่ยว/น้ำตาดาว.mp3,0b4767dd.html,false
b642b063,เพลงเดี่ยว,น้ำตาเมียหลวง,กาญจน์ลดา มฤคพิทักษ์,audio/เพลงเดี่ยว/น้ำตาเมียหลวง.mp3,b642b063.html,false
6887edf4,เพลงเดี่ยว,น้ำเซาะทราย,กาญจน์ลดา มฤคพิทักษ์,audio/เพลงเดี่ยว/น้ำเซาะทราย.mp3,6887edf4.html,false
907a80c6,เพลงเดี่ยว,บนลานลั่นทม,กาญจน์ลดา มฤคพิทักษ์,audio/เพลงเดี่ยว/บนลานลั่นทม.mp3,907a80c6.html,false
cd0cfe3e,เพลงเดี่ยว,บัวกลางบึง-2,กาญจน์ลดา มฤคพิทักษ์,audio/เพลงเดี่ยว/บัวกลางบึง-2.mp3,cd0cfe3e.html,false
3ba899ca,เพลงเดี่ยว,บัวกลางบึง,กาญจน์ลดา มฤคพิทักษ์,audio/เพลงเดี่ยว/บัวกลางบึง.mp3,3ba899ca.html,false
48b31e82,เพลงเดี่ยว,บัวขาว,กาญจน์ลดา มฤคพิทักษ์,audio/เพลงเดี่ยว/บัวขาว.mp3,48b31e82.html,false
4dfdb973,เพลงเดี่ยว,บาร์หัวใจ,กาญจน์ลดา มฤคพิทักษ์,audio/เพลงเดี่ยว/บาร์หัวใจ.mp3,4dfdb973.html,false
1b1b0f3a,เพลงเดี่ยว,บุษบาเสี่ยงเทียน,กาญจน์ลดา มฤคพิทักษ์,audio/เพลงเดี่ยว/บุษบาเสี่ยงเทียน.mp3,1b1b0f3a.html,false
a4030a64,เพลงเดี่ยว,บ้านของเรา-2,กาญจน์ลดา มฤคพิทักษ์,audio/เพลงเดี่ยว/บ้านของเรา-2.mp3,a4030a64.html,false
a96a340c,เพลงเดี่ยว,บ้านของเรา,กาญจน์ลดา มฤคพิทักษ์,audio/เพลงเดี่ยว/บ้านของเรา.mp3,a96a340c.html,false
e1f9dc10,เพลงเดี่ยว,บ้านเกิดเมืองนอน,กาญจน์ลดา มฤคพิทักษ์,audio/เพลงเดี่ยว/บ้านเกิดเมืองนอน.mp3,e1f9dc10.html,false
c159f3e2,เพลงเดี่ยว,บ้านเรือนเคียงกัน,กาญจน์ลดา มฤคพิทักษ์,audio/เพลงเดี่ยว/บ้านเรือนเคียงกัน.mp3,c159f3e2.html,false
b10041f3,เพลงเดี่ยว,ประวัติศาสตร์,กาญจน์ลดา มฤคพิทักษ์,audio/เพลงเดี่ยว/ประวัติศาสตร์.mp3,b10041f3.html,false
a30de928,เพลงเดี่ยว,ปรารถนา (ต้นฉบับ),กาญจน์ลดา มฤคพิทักษ์,audio/เพลงเดี่ยว/ปรารถนา (ต้นฉบับ).mp3,a30de928.html,false
6fa4b51d,เพลงเดี่ยว,ปลูกรัก,กาญจน์ลดา มฤคพิทักษ์,audio/เพลงเดี่ยว/ปลูกรัก.mp3,6fa4b51d.html,false
ea04eef4,เพลงเดี่ยว,ปาริชาต,กาญจน์ลดา มฤคพิทักษ์,audio/เพลงเดี่ยว/ปาริชาต.mp3,ea04eef4.html,false
71ff23b9,เพลงเดี่ยว,ปิ่นทอง สวลี,กาญจน์ลดา มฤคพิทักษ์,audio/เพลงเดี่ยว/ปิ่นทอง สวลี.mp3,71ff23b9.html,false
37f38399,เพลงเดี่ยว,ปีศาจวสันต์,กาญจน์ลดา มฤคพิทักษ์,audio/เพลงเดี่ยว/ปีศาจวสันต์.mp3,37f38399.html,false
b5908c55,เพลงเดี่ยว,ป่านนี้พี่รอ,กาญจน์ลดา มฤคพิทักษ์,audio/เพลงเดี่ยว/ป่านนี้พี่รอ.mp3,b5908c55.html,false
6fa77248,เพลงเดี่ยว,ผู้ชายนะเออ,กาญจน์ลดา มฤคพิทักษ์,audio/เพลงเดี่ยว/ผู้ชายนะเออ.mp3,6fa77248.html,false
26b55364,เพลงเดี่ยว,ฝนหยาดสุดท้าย,กาญจน์ลดา มฤคพิทักษ์,audio/เพลงเดี่ยว/ฝนหยาดสุดท้าย.mp3,26b55364.html,false
73abe378,เพลงเดี่ยว,ฝัน ฝัน,กาญจน์ลดา มฤคพิทักษ์,audio/เพลงเดี่ยว/ฝัน ฝัน.mp3,73abe378.html,false
f9a4cf5d,เพลงเดี่ยว,ฝั่งหัวใจ,กาญจน์ลดา มฤคพิทักษ์,audio/เพลงเดี่ยว/ฝั่งหัวใจ.mp3,f9a4cf5d.html,false
fc33895a,เพลงเดี่ยว,ฝากฟ้าไปบอกพ่อ-2,กาญจน์ลดา มฤคพิทักษ์,audio/เพลงเดี่ยว/ฝากฟ้าไปบอกพ่อ-2.mp3,fc33895a.html,false
b074e27b,เพลงเดี่ยว,ฝากฟ้าไปบอกพ่อ,กาญจน์ลดา มฤคพิทักษ์,audio/เพลงเดี่ยว/ฝากฟ้าไปบอกพ่อ.mp3,b074e27b.html,false
b4629b56,เพลงเดี่ยว,ฝากรัก-2,กาญจน์ลดา มฤคพิทักษ์,audio/เพลงเดี่ยว/ฝากรัก-2.mp3,b4629b56.html,false
0df01722,เพลงเดี่ยว,ฝากรัก,กาญจน์ลดา มฤคพิทักษ์,audio/เพลงเดี่ยว/ฝากรัก.mp3,0df01722.html,false
82ef5985,เพลงเดี่ยว,ฝากเพลงถึงเธอ-2,กาญจน์ลดา มฤคพิทักษ์,audio/เพลงเดี่ยว/ฝากเพลงถึงเธอ-2.mp3,82ef5985.html,false
6f8d1921,เพลงเดี่ยว,ฝากเพลงถึงเธอ,กาญจน์ลดา มฤคพิทักษ์,audio/เพลงเดี่ยว/ฝากเพลงถึงเธอ.mp3,6f8d1921.html,false
e94fa066,เพลงเดี่ยว,ฝากเพลงลอยลม,กาญจน์ลดา มฤคพิทักษ์,audio/เพลงเดี่ยว/ฝากเพลงลอยลม.mp3,e94fa066.html,false
b6c7fd0a,เพลงเดี่ยว,ฝากใจฝัน,กาญจน์ลดา มฤคพิทักษ์,audio/เพลงเดี่ยว/ฝากใจฝัน.mp3,b6c7fd0a.html,false
7ccdf47a,เพลงเดี่ยว,พระจันทร์วันเพ็ญ,กาญจน์ลดา มฤคพิทักษ์,audio/เพลงเดี่ยว/พระจันทร์วันเพ็ญ.mp3,7ccdf47a.html,false
3185806f,เพลงเดี่ยว,พริกขี้หนู,กาญจน์ลดา มฤคพิทักษ์,audio/เพลงเดี่ยว/พริกขี้หนู.mp3,3185806f.html,false
ac5b54b8,เพลงเดี่ยว,พลิกล็อค,กาญจน์ลดา มฤคพิทักษ์,audio/เพลงเดี่ยว/พลิกล็อค.mp3,ac5b54b8.html,false
aef3abbe,เพลงเดี่ยว,มองอะไร,กาญจน์ลดา มฤคพิทักษ์,audio/เพลงเดี่ยว/มองอะไร.mp3,aef3abbe.html,false
9dc58a80,เพลงเดี่ยว,มัทรีร้องไห้,กาญจน์ลดา มฤคพิทักษ์,audio/เพลงเดี่ยว/มัทรีร้องไห้.mp3,9dc58a80.html,false
0e467562,เพลงเดี่ยว,มีดอกไม้มาฝาก,กาญจน์ลดา มฤคพิทักษ์,audio/เพลงเดี่ยว/มีดอกไม้มาฝาก.mp3,0e467562.html,false
661a089b,เพลงเดี่ยว,ยิ้ม,กาญจน์ลดา มฤคพิทักษ์,audio/เพลงเดี่ยว/ยิ้ม.mp3,661a089b.html,false
5de60a1a,เพลงเดี่ยว,ยิ้มเหงาๆ เศร้างามๆ,กาญจน์ลดา มฤคพิทักษ์,audio/เพลงเดี่ยว/ยิ้มเหงาๆ เศร้างามๆ.mp3,5de60a1a.html,false
d880ee13,เพลงเดี่ยว,รักข้ามขอบฟ้า,กาญจน์ลดา มฤคพิทักษ์,audio/เพลงเดี่ยว/รักข้ามขอบฟ้า.mp3,d880ee13.html,false
a86d0bd8,เพลงเดี่ยว,รักจริงไหม,กาญจน์ลดา มฤคพิทักษ์,audio/เพลงเดี่ยว/รักจริงไหม.mp3,a86d0bd8.html,false
649568df,เพลงเดี่ยว,รักต่างแดน,กาญจน์ลดา มฤคพิทักษ์,audio/เพลงเดี่ยว/รักต่างแดน.mp3,649568df.html,false
1af2fd50,เพลงเดี่ยว,รักวันเติมวัน-2,กาญจน์ลดา มฤคพิทักษ์,audio/เพลงเดี่ยว/รักวันเติมวัน-2.mp3,1af2fd50.html,false
52e9c3dc,เพลงเดี่ยว,รักวันเติมวัน,กาญจน์ลดา มฤคพิทักษ์,audio/เพลงเดี่ยว/รักวันเติมวัน.mp3,52e9c3dc.html,false
a2318ae7,เพลงเดี่ยว,รักหมอน,กาญจน์ลดา มฤคพิทักษ์,audio/เพลงเดี่ยว/รักหมอน.mp3,a2318ae7.html,false
e5015310,เพลงเดี่ยว,รักในลมหนาว,กาญจน์ลดา มฤคพิทักษ์,audio/เพลงเดี่ยว/รักในลมหนาว.mp3,e5015310.html,false
ddca15f8,เพลงเดี่ยว,รัตติกาล,กาญจน์ลดา มฤคพิทักษ์,audio/เพลงเดี่ยว/รัตติกาล.mp3,ddca15f8.html,false
82ce7ede,เพลงเดี่ยว,รู้ว่าเขาหลอก,กาญจน์ลดา มฤคพิทักษ์,audio/เพลงเดี่ยว/รู้ว่าเขาหลอก.mp3,82ce7ede.html,false
a8162d18,เพลงเดี่ยว,ลมจ๋า,กาญจน์ลดา มฤคพิทักษ์,audio/เพลงเดี่ยว/ลมจ๋า.mp3,a8162d18.html,false
df658eb7,เพลงเดี่ยว,ลมหนาว,กาญจน์ลดา มฤคพิทักษ์,audio/เพลงเดี่ยว/ลมหนาว.mp3,df658eb7.html,false
abde2ee8,เพลงเดี่ยว,ลมหวล,กาญจน์ลดา มฤคพิทักษ์,audio/เพลงเดี่ยว/ลมหวล.mp3,abde2ee8.html,false
864e0afd,เพลงเดี่ยว,ลั่นทม,กาญจน์ลดา มฤคพิทักษ์,audio/เพลงเดี่ยว/ลั่นทม.mp3,864e0afd.html,false
ddf80a4c,เพลงเดี่ยว,ลาวกระทบไม้,กาญจน์ลดา มฤคพิทักษ์,audio/เพลงเดี่ยว/ลาวกระทบไม้.mp3,ddf80a4c.html,false
b9d64045,เพลงเดี่ยว,ลาวคำหอม   เพลงไทยเดิม,กาญจน์ลดา มฤคพิทักษ์,audio/เพลงเดี่ยว/ลาวคำหอม   เพลงไทยเดิม.mp3,b9d64045.html,false
b66cbbf8,เพลงเดี่ยว,ลาวดวงเดือน,กาญจน์ลดา มฤคพิทักษ์,audio/เพลงเดี่ยว/ลาวดวงเดือน.mp3,b66cbbf8.html,false
606846e5,เพลงเดี่ยว,ลาวม่านแก้ว ระนาด-2,กาญจน์ลดา มฤคพิทักษ์,audio/เพลงเดี่ยว/ลาวม่านแก้ว ระนาด-2.mp3,606846e5.html,false
7695d363,เพลงเดี่ยว,ลาวม่านแก้ว ระนาด,กาญจน์ลดา มฤคพิทักษ์,audio/เพลงเดี่ยว/ลาวม่านแก้ว ระนาด.mp3,7695d363.html,false
d0626c31,เพลงเดี่ยว,ลาวม่านแก้ว,กาญจน์ลดา มฤคพิทักษ์,audio/เพลงเดี่ยว/ลาวม่านแก้ว.mp3,d0626c31.html,false
eeefabcf,เพลงเดี่ยว,ลาแล้วจามจุรี,กาญจน์ลดา มฤคพิทักษ์,audio/เพลงเดี่ยว/ลาแล้วจามจุรี.mp3,eeefabcf.html,false
e14c7497,เพลงเดี่ยว,ลิขิตที่มืดมน,กาญจน์ลดา มฤคพิทักษ์,audio/เพลงเดี่ยว/ลิขิตที่มืดมน.mp3,e14c7497.html,false
2505a07c,เพลงเดี่ยว,ลืมเสียเถิดอย่าคิดถึง-2,กาญจน์ลดา มฤคพิทักษ์,audio/เพลงเดี่ยว/ลืมเสียเถิดอย่าคิดถึง-2.mp3,2505a07c.html,false
d5f6a02d,เพลงเดี่ยว,ลืมเสียเถิดอย่าคิดถึง,กาญจน์ลดา มฤคพิทักษ์,audio/เพลงเดี่ยว/ลืมเสียเถิดอย่าคิดถึง.mp3,d5f6a02d.html,false
8df4d397,เพลงเดี่ยว,ลูกนอกกฎหมาย,กาญจน์ลดา มฤคพิทักษ์,audio/เพลงเดี่ยว/ลูกนอกกฎหมาย.mp3,8df4d397.html,false
7be4c6af,เพลงเดี่ยว,ล่องแม่ปิง,กาญจน์ลดา มฤคพิทักษ์,audio/เพลงเดี่ยว/ล่องแม่ปิง.mp3,7be4c6af.html,false
efd678a4,เพลงเดี่ยว,ล้อโลก,กาญจน์ลดา มฤคพิทักษ์,audio/เพลงเดี่ยว/ล้อโลก.mp3,efd678a4.html,false
c77b3407,เพลงเดี่ยว,วังบัวบาน,กาญจน์ลดา มฤคพิทักษ์,audio/เพลงเดี่ยว/วังบัวบาน.mp3,c77b3407.html,false
d020b9f9,เพลงเดี่ยว,วันคอย,กาญจน์ลดา มฤคพิทักษ์,audio/เพลงเดี่ยว/วันคอย.mp3,d020b9f9.html,false
5dcbf713,เพลงเดี่ยว,วาสนาคนจน,กาญจน์ลดา มฤคพิทักษ์,audio/เพลงเดี่ยว/วาสนาคนจน.mp3,5dcbf713.html,false
f6ab56a5,เพลงเดี่ยว,วิมานดิน,กาญจน์ลดา มฤคพิทักษ์,audio/เพลงเดี่ยว/วิมานดิน.mp3,f6ab56a5.html,false
efaffb6d,เพลงเดี่ยว,วิวาห์น้ำตา,กาญจน์ลดา มฤคพิทักษ์,audio/เพลงเดี่ยว/วิวาห์น้ำตา.mp3,efaffb6d.html,false
fa13db8f,เพลงเดี่ยว,วิหคเหินลม,กาญจน์ลดา มฤคพิทักษ์,audio/เพลงเดี่ยว/วิหคเหินลม.mp3,fa13db8f.html,false
33719076,เพลงเดี่ยว,ว้าเหว่,กาญจน์ลดา มฤคพิทักษ์,audio/เพลงเดี่ยว/ว้าเหว่.mp3,33719076.html,false
fe5a4988,เพลงเดี่ยว,ศกุนตลา เพ็ญศรี,กาญจน์ลดา มฤคพิทักษ์,audio/เพลงเดี่ยว/ศกุนตลา เพ็ญศรี.mp3,fe5a4988.html,false
4aa59690,เพลงเดี่ยว,ศรรัก,กาญจน์ลดา มฤคพิทักษ์,audio/เพลงเดี่ยว/ศรรัก.mp3,4aa59690.html,false
8f1bbb55,เพลงเดี่ยว,ศักดิ์ศรีของแรงงาน,กาญจน์ลดา มฤคพิทักษ์,audio/เพลงเดี่ยว/ศักดิ์ศรีของแรงงาน.mp3,8f1bbb55.html,false
7510014c,เพลงเดี่ยว,ศาสนารัก มัณฑนา ,กาญจน์ลดา มฤคพิทักษ์,audio/เพลงเดี่ยว/ศาสนารัก มัณฑนา .mp3,7510014c.html,false
329535e7,เพลงเดี่ยว,สดุดีมหาราชา(มีชีวิต),กาญจน์ลดา มฤคพิทักษ์,audio/เพลงเดี่ยว/สดุดีมหาราชา(มีชีวิต).mp3,329535e7.html,false
cca4d84f,เพลงเดี่ยว,สนต้องลม,กาญจน์ลดา มฤคพิทักษ์,audio/เพลงเดี่ยว/สนต้องลม.mp3,cca4d84f.html,false
ecfa0288,เพลงเดี่ยว,สนามอารมณ์,กาญจน์ลดา มฤคพิทักษ์,audio/เพลงเดี่ยว/สนามอารมณ์.mp3,ecfa0288.html,false
d38602b7,เพลงเดี่ยว,สยามเมืองยิ้ม,กาญจน์ลดา มฤคพิทักษ์,audio/เพลงเดี่ยว/สยามเมืองยิ้ม.mp3,d38602b7.html,false
ac99262e,เพลงเดี่ยว,สวรรค์มืด,กาญจน์ลดา มฤคพิทักษ์,audio/เพลงเดี่ยว/สวรรค์มืด.mp3,ac99262e.html,false
dc49c954,เพลงเดี่ยว,สองฝั่งโขง,กาญจน์ลดา มฤคพิทักษ์,audio/เพลงเดี่ยว/สองฝั่งโขง.mp3,dc49c954.html,false
b09decb3,เพลงเดี่ยว,สุดแท้แต่จะให้,กาญจน์ลดา มฤคพิทักษ์,audio/เพลงเดี่ยว/สุดแท้แต่จะให้.mp3,b09decb3.html,false
ccca3963,เพลงเดี่ยว,สู่่อ้อมอกดิน,กาญจน์ลดา มฤคพิทักษ์,audio/เพลงเดี่ยว/สู่่อ้อมอกดิน.mp3,ccca3963.html,false
e28df84b,เพลงเดี่ยว,หงษ์เหิร,กาญจน์ลดา มฤคพิทักษ์,audio/เพลงเดี่ยว/หงษ์เหิร.mp3,e28df84b.html,false
83001d8c,เพลงเดี่ยว,หนึ่งหญิงสองชาย,กาญจน์ลดา มฤคพิทักษ์,audio/เพลงเดี่ยว/หนึ่งหญิงสองชาย.mp3,83001d8c.html,false
8e1909c8,เพลงเดี่ยว,หนึ่งเดียวคือแม่,กาญจน์ลดา มฤคพิทักษ์,audio/เพลงเดี่ยว/หนึ่งเดียวคือแม่.mp3,8e1909c8.html,false
88b3dbb3,เพลงเดี่ยว,หิมพานต์,กาญจน์ลดา มฤคพิทักษ์,audio/เพลงเดี่ยว/หิมพานต์.mp3,88b3dbb3.html,false
e23c375a,เพลงเดี่ยว,ออเจ้าเอย เธอหนอเธอ-2,กาญจน์ลดา มฤคพิทักษ์,audio/เพลงเดี่ยว/ออเจ้าเอย เธอหนอเธอ-2.mp3,e23c375a.html,false
4fedc3f7,เพลงเดี่ยว,ออเจ้าเอย เธอหนอเธอ,กาญจน์ลดา มฤคพิทักษ์,audio/เพลงเดี่ยว/ออเจ้าเอย เธอหนอเธอ.mp3,4fedc3f7.html,false
ae5c24f6,เพลงเดี่ยว,ออเจ้าเอย(เพลงประกอบละคร บุพเพสันนิวาส),กาญจน์ลดา มฤคพิทักษ์,audio/เพลงเดี่ยว/ออเจ้าเอย(เพลงประกอบละคร บุพเพสันนิวาส).mp3,ae5c24f6.html,false
d73b9f38,เพลงเดี่ยว,อันเป็นดวงใจ,กาญจน์ลดา มฤคพิทักษ์,audio/เพลงเดี่ยว/อันเป็นดวงใจ.mp3,d73b9f38.html,false
8d67b1fe,เพลงเดี่ยว,อาลัยลา-2,กาญจน์ลดา มฤคพิทักษ์,audio/เพลงเดี่ยว/อาลัยลา-2.mp3,8d67b1fe.html,false
d812a5e7,เพลงเดี่ยว,อาลัยลา,กาญจน์ลดา มฤคพิทักษ์,audio/เพลงเดี่ยว/อาลัยลา.mp3,d812a5e7.html,false
da9cc5a0,เพลงเดี่ยว,อาลัยโดม-2,กาญจน์ลดา มฤคพิทักษ์,audio/เพลงเดี่ยว/อาลัยโดม-2.mp3,da9cc5a0.html,false
b5eef549,เพลงเดี่ยว,อาลัยโดม,กาญจน์ลดา มฤคพิทักษ์,audio/เพลงเดี่ยว/อาลัยโดม.mp3,b5eef549.html,false
99c8340b,เพลงเดี่ยว,อิ่มอุ่น,กาญจน์ลดา มฤคพิทักษ์,audio/เพลงเดี่ยว/อิ่มอุ่น.mp3,99c8340b.html,false
4b346176,เพลงเดี่ยว,อ้อมอกแม่,กาญจน์ลดา มฤคพิทักษ์,audio/เพลงเดี่ยว/อ้อมอกแม่.mp3,4b346176.html,false
e2576321,เพลงเดี่ยว,เก็บตะวัน,กาญจน์ลดา มฤคพิทักษ์,audio/เพลงเดี่ยว/เก็บตะวัน.mp3,e2576321.html,false
123e4670,เพลงเดี่ยว,เงาไม้,กาญจน์ลดา มฤคพิทักษ์,audio/เพลงเดี่ยว/เงาไม้.mp3,123e4670.html,false
b37231f0,เพลงเดี่ยว,เดือนดารา สวลี,กาญจน์ลดา มฤคพิทักษ์,audio/เพลงเดี่ยว/เดือนดารา สวลี.mp3,b37231f0.html,false
eb73d70d,เพลงเดี่ยว,เธอหนอเธอ(From &amp;quot;เพลงประกอบละคร บุพเพสันนิวาส&amp;quot;),กาญจน์ลดา มฤคพิทักษ์,audio/เพลงเดี่ยว/เธอหนอเธอ(From &amp;quot;เพลงประกอบละคร บุพเพสันนิวาส&amp;quot;).mp3,eb73d70d.html,false
8584a775,เพลงเดี่ยว,เปลี่ยวใจ,กาญจน์ลดา มฤคพิทักษ์,audio/เพลงเดี่ยว/เปลี่ยวใจ.mp3,8584a775.html,false
f0c2bb08,เพลงเดี่ยว,เปล่า,กาญจน์ลดา มฤคพิทักษ์,audio/เพลงเดี่ยว/เปล่า.mp3,f0c2bb08.html,false
c4d8d283,เพลงเดี่ยว,เพลงรักจากฉัน(ปดิวรัดา) ,กาญจน์ลดา มฤคพิทักษ์,audio/เพลงเดี่ยว/เพลงรักจากฉัน(ปดิวรัดา) .mp3,c4d8d283.html,false
3fdc5365,เพลงเดี่ยว,เพลินเพลงแมมโบ ,กาญจน์ลดา มฤคพิทักษ์,audio/เพลงเดี่ยว/เพลินเพลงแมมโบ .mp3,3fdc5365.html,false
04eba7b8,เพลงเดี่ยว,เพื่อนใจ,กาญจน์ลดา มฤคพิทักษ์,audio/เพลงเดี่ยว/เพื่อนใจ.mp3,04eba7b8.html,false
4ae94b40,เพลงเดี่ยว,เพ้อ,กาญจน์ลดา มฤคพิทักษ์,audio/เพลงเดี่ยว/เพ้อ.mp3,4ae94b40.html,false
8e7af5aa,เพลงเดี่ยว,เรามีเรา,กาญจน์ลดา มฤคพิทักษ์,audio/เพลงเดี่ยว/เรามีเรา.mp3,8e7af5aa.html,false
948be668,เพลงเดี่ยว,เริงรองเง็ง,กาญจน์ลดา มฤคพิทักษ์,audio/เพลงเดี่ยว/เริงรองเง็ง.mp3,948be668.html,false
7aae4097,เพลงเดี่ยว,เรือมนุษย์,กาญจน์ลดา มฤคพิทักษ์,audio/เพลงเดี่ยว/เรือมนุษย์.mp3,7aae4097.html,false
a961e537,เพลงเดี่ยว,เล่าสู่กันฟัง,กาญจน์ลดา มฤคพิทักษ์,audio/เพลงเดี่ยว/เล่าสู่กันฟัง.mp3,a961e537.html,false
c2767307,เพลงเดี่ยว,เล่าสู่หลานฟัง,กาญจน์ลดา มฤคพิทักษ์,audio/เพลงเดี่ยว/เล่าสู่หลานฟัง.mp3,c2767307.html,false
44d30e17,เพลงเดี่ยว,เสียงครวญจากเกาหลี อารีดัง,กาญจน์ลดา มฤคพิทักษ์,audio/เพลงเดี่ยว/เสียงครวญจากเกาหลี อารีดัง.mp3,44d30e17.html,false
448de13b,เพลงเดี่ยว,เสียงเพรียกจากมาตุภูมิ,กาญจน์ลดา มฤคพิทักษ์,audio/เพลงเดี่ยว/เสียงเพรียกจากมาตุภูมิ.mp3,448de13b.html,false
4fce7275,เพลงเดี่ยว,เสียดายบัว,กาญจน์ลดา มฤคพิทักษ์,audio/เพลงเดี่ยว/เสียดายบัว.mp3,4fce7275.html,false
683b4739,เพลงเดี่ยว,แดนนภา,กาญจน์ลดา มฤคพิทักษ์,audio/เพลงเดี่ยว/แดนนภา.mp3,683b4739.html,false
6183b058,เพลงเดี่ยว,แต่ปางก่อน,กาญจน์ลดา มฤคพิทักษ์,audio/เพลงเดี่ยว/แต่ปางก่อน.mp3,6183b058.html,false
caed86be,เพลงเดี่ยว,แมวกะหนู สุนทราภรณ์,กาญจน์ลดา มฤคพิทักษ์,audio/เพลงเดี่ยว/แมวกะหนู สุนทราภรณ์.mp3,caed86be.html,false
7b740a9d,เพลงเดี่ยว,แสงดาวแห่งศรัทธา-2,กาญจน์ลดา มฤคพิทักษ์,audio/เพลงเดี่ยว/แสงดาวแห่งศรัทธา-2.mp3,7b740a9d.html,false
44550c97,เพลงเดี่ยว,แสงดาวแห่งศรัทธา,กาญจน์ลดา มฤคพิทักษ์,audio/เพลงเดี่ยว/แสงดาวแห่งศรัทธา.mp3,44550c97.html,false
bc377cc7,เพลงเดี่ยว,แสนงอน,กาญจน์ลดา มฤคพิทักษ์,audio/เพลงเดี่ยว/แสนงอน.mp3,bc377cc7.html,false
c584f035,เพลงเดี่ยว,โกรธฉันหรือเปล่า,กาญจน์ลดา มฤคพิทักษ์,audio/เพลงเดี่ยว/โกรธฉันหรือเปล่า.mp3,c584f035.html,false
d45fa823,เพลงเดี่ยว,โดมรอเธอ,กาญจน์ลดา มฤคพิทักษ์,audio/เพลงเดี่ยว/โดมรอเธอ.mp3,d45fa823.html,false
8e18cf03,เพลงเดี่ยว,โดมร่มใจ บุษยา-เอื้อ,กาญจน์ลดา มฤคพิทักษ์,audio/เพลงเดี่ยว/โดมร่มใจ บุษยา-เอื้อ.mp3,8e18cf03.html,false
e1d8c7f6,เพลงเดี่ยว,โดมในดวงใจ,กาญจน์ลดา มฤคพิทักษ์,audio/เพลงเดี่ยว/โดมในดวงใจ.mp3,e1d8c7f6.html,false
2b04f6b2,เพลงเดี่ยว,โถมดแดง,กาญจน์ลดา มฤคพิทักษ์,audio/เพลงเดี่ยว/โถมดแดง.mp3,2b04f6b2.html,false
f9dfd167,เพลงเดี่ยว,โปรดเถิดดวงใจ,กาญจน์ลดา มฤคพิทักษ์,audio/เพลงเดี่ยว/โปรดเถิดดวงใจ.mp3,f9dfd167.html,false
73c7011c,เพลงเดี่ยว,โลกนี้คือละคร,กาญจน์ลดา มฤคพิทักษ์,audio/เพลงเดี่ยว/โลกนี้คือละคร.mp3,73c7011c.html,false
537be941,เพลงเดี่ยว,โลกอลวน-2,กาญจน์ลดา มฤคพิทักษ์,audio/เพลงเดี่ยว/โลกอลวน-2.mp3,537be941.html,false
e90aa1b8,เพลงเดี่ยว,โลกอลวน,กาญจน์ลดา มฤคพิทักษ์,audio/เพลงเดี่ยว/โลกอลวน.mp3,e90aa1b8.html,false
1dff3824,เพลงเดี่ยว,ใกล้มือคว้า,กาญจน์ลดา มฤคพิทักษ์,audio/เพลงเดี่ยว/ใกล้มือคว้า.mp3,1dff3824.html,false
485c6131,เพลงเดี่ยว,ใครหนอ,กาญจน์ลดา มฤคพิทักษ์,audio/เพลงเดี่ยว/ใครหนอ.mp3,485c6131.html,false
529c9295,เพลงเดี่ยว,ในโลกกว้าง,กาญจน์ลดา มฤคพิทักษ์,audio/เพลงเดี่ยว/ในโลกกว้าง.mp3,529c9295.html,false
52c47fbf,เพลงเดี่ยว,ในโลกฝัน,กาญจน์ลดา มฤคพิทักษ์,audio/เพลงเดี่ยว/ในโลกฝัน.mp3,52c47fbf.html,false
7687c4d9,เพลงเดี่ยว,ไม่รักไม่ว่า,กาญจน์ลดา มฤคพิทักษ์,audio/เพลงเดี่ยว/ไม่รักไม่ว่า.mp3,7687c4d9.html,false
6e6c46dc,เพลงเดี่ยว,ไม่อยากให้โลกนี้มีความรัก,กาญจน์ลดา มฤคพิทักษ์,audio/เพลงเดี่ยว/ไม่อยากให้โลกนี้มีความรัก.mp3,6e6c46dc.html,false
d2ce4b2e,เพลงเดี่ยว,ด้วยรักและผูกพัน,กาญจน์ลดา มฤคพิทักษ์,audio/เพลงเดี่ยว/ด้วยรักและผูกพัน.mp3,d2ce4b2e.html,false
9abe9279,เพลงเดี่ยว,เธอหนอเธอ,กาญจน์ลดา มฤคพิทักษ์,audio/เพลงเดี่ยว/เธอหนอเธอ.mp3,9abe9279.html,false
